,Id,Player,G,A,PTS,Season,Team_against,Team_for,Hattrick,Date,League
0,220771, Vítězslav Traurig ,0,0,0,2018/2019,SK Bruisers Dejvice,FBC Mobydick Praha,0,16.09.2018, PHaSČ třída mužů
1,220771, Aleš Martínek ,1,1,2,2018/2019,SK Bruisers Dejvice,FBC Mobydick Praha,0,16.09.2018, PHaSČ třída mužů
2,220771, Jan Novák ,0,0,0,2018/2019,SK Bruisers Dejvice,FBC Mobydick Praha,0,16.09.2018, PHaSČ třída mužů
3,220771, Petr Sukalovský ,0,0,0,2018/2019,SK Bruisers Dejvice,FBC Mobydick Praha,0,16.09.2018, PHaSČ třída mužů
4,220771, Jan Jiráň ,0,0,0,2018/2019,SK Bruisers Dejvice,FBC Mobydick Praha,0,16.09.2018, PHaSČ třída mužů
5,220771, Jaroslav Drahotínský ,0,1,1,2018/2019,SK Bruisers Dejvice,FBC Mobydick Praha,0,16.09.2018, PHaSČ třída mužů
6,220771, Martin Bosák ,0,0,0,2018/2019,SK Bruisers Dejvice,FBC Mobydick Praha,0,16.09.2018, PHaSČ třída mužů
7,220771, Libor Hrach ,0,0,0,2018/2019,SK Bruisers Dejvice,FBC Mobydick Praha,0,16.09.2018, PHaSČ třída mužů
8,220771, Jakub Horyna ,1,1,2,2018/2019,SK Bruisers Dejvice,FBC Mobydick Praha,0,16.09.2018, PHaSČ třída mužů
9,220771, Jakub Kalfiřt ,0,0,0,2018/2019,SK Bruisers Dejvice,FBC Mobydick Praha,0,16.09.2018, PHaSČ třída mužů
10,220771, Martin Fojtík ,0,0,0,2018/2019,SK Bruisers Dejvice,FBC Mobydick Praha,0,16.09.2018, PHaSČ třída mužů
11,220771, Jakub Vilim ,1,0,1,2018/2019,SK Bruisers Dejvice,FBC Mobydick Praha,0,16.09.2018, PHaSČ třída mužů
12,220771, Petr Zahradník ,0,0,0,2018/2019,SK Bruisers Dejvice,FBC Mobydick Praha,0,16.09.2018, PHaSČ třída mužů
13,221367, Vítězslav Traurig ,0,0,0,2018/2019,TJ Sokol Dobříš B,FBC Mobydick Praha,0,16.09.2018, PHaSČ třída mužů
14,221367, Aleš Martínek ,0,0,0,2018/2019,TJ Sokol Dobříš B,FBC Mobydick Praha,0,16.09.2018, PHaSČ třída mužů
15,221367, Jan Novák ,0,0,0,2018/2019,TJ Sokol Dobříš B,FBC Mobydick Praha,0,16.09.2018, PHaSČ třída mužů
16,221367, Petr Sukalovský ,0,0,0,2018/2019,TJ Sokol Dobříš B,FBC Mobydick Praha,0,16.09.2018, PHaSČ třída mužů
17,221367, Jan Jiráň ,0,0,0,2018/2019,TJ Sokol Dobříš B,FBC Mobydick Praha,0,16.09.2018, PHaSČ třída mužů
18,221367, Jaroslav Drahotínský ,0,0,0,2018/2019,TJ Sokol Dobříš B,FBC Mobydick Praha,0,16.09.2018, PHaSČ třída mužů
19,221367, Martin Bosák ,0,0,0,2018/2019,TJ Sokol Dobříš B,FBC Mobydick Praha,0,16.09.2018, PHaSČ třída mužů
20,221367, Libor Hrach ,0,0,0,2018/2019,TJ Sokol Dobříš B,FBC Mobydick Praha,0,16.09.2018, PHaSČ třída mužů
21,221367, Jakub Horyna ,0,0,0,2018/2019,TJ Sokol Dobříš B,FBC Mobydick Praha,0,16.09.2018, PHaSČ třída mužů
22,221367, Jakub Kalfiřt ,0,0,0,2018/2019,TJ Sokol Dobříš B,FBC Mobydick Praha,0,16.09.2018, PHaSČ třída mužů
23,221367, Martin Fojtík ,0,0,0,2018/2019,TJ Sokol Dobříš B,FBC Mobydick Praha,0,16.09.2018, PHaSČ třída mužů
24,221367, Jakub Vilim ,0,0,0,2018/2019,TJ Sokol Dobříš B,FBC Mobydick Praha,0,16.09.2018, PHaSČ třída mužů
25,221367, Petr Zahradník ,0,0,0,2018/2019,TJ Sokol Dobříš B,FBC Mobydick Praha,0,16.09.2018, PHaSČ třída mužů
26,223045, Aleš Martínek ,0,0,0,2018/2019,Prague Tigers E,FBC Mobydick Praha,0,30.09.2018, PHaSČ třída mužů
27,223045, Lucie Kisugite ,0,0,0,2018/2019,Prague Tigers E,FBC Mobydick Praha,0,30.09.2018, PHaSČ třída mužů
28,223045, Jan Jiráň ,0,0,0,2018/2019,Prague Tigers E,FBC Mobydick Praha,0,30.09.2018, PHaSČ třída mužů
29,223045, Jaroslav Drahotínský ,0,0,0,2018/2019,Prague Tigers E,FBC Mobydick Praha,0,30.09.2018, PHaSČ třída mužů
30,223045, Martin Bosák ,0,1,1,2018/2019,Prague Tigers E,FBC Mobydick Praha,0,30.09.2018, PHaSČ třída mužů
31,223045, Libor Hrach ,0,0,0,2018/2019,Prague Tigers E,FBC Mobydick Praha,0,30.09.2018, PHaSČ třída mužů
32,223045, Jakub Kalfiřt ,0,0,0,2018/2019,Prague Tigers E,FBC Mobydick Praha,0,30.09.2018, PHaSČ třída mužů
33,223045, Jakub Horyna ,3,0,3,2018/2019,Prague Tigers E,FBC Mobydick Praha,1,30.09.2018, PHaSČ třída mužů
34,223045, Jakub Vilim ,1,0,1,2018/2019,Prague Tigers E,FBC Mobydick Praha,0,30.09.2018, PHaSČ třída mužů
35,223045, Petr Zahradník ,0,0,0,2018/2019,Prague Tigers E,FBC Mobydick Praha,0,30.09.2018, PHaSČ třída mužů
36,223041, Aleš Martínek ,0,1,1,2018/2019,Lhokamo Panthers Praha F,FBC Mobydick Praha,0,30.09.2018, PHaSČ třída mužů
37,223041, Lucie Kisugite ,1,1,2,2018/2019,Lhokamo Panthers Praha F,FBC Mobydick Praha,0,30.09.2018, PHaSČ třída mužů
38,223041, Jan Jiráň ,0,0,0,2018/2019,Lhokamo Panthers Praha F,FBC Mobydick Praha,0,30.09.2018, PHaSČ třída mužů
39,223041, Martin Bosák ,4,1,5,2018/2019,Lhokamo Panthers Praha F,FBC Mobydick Praha,1,30.09.2018, PHaSČ třída mužů
40,223041, Libor Hrach ,1,2,3,2018/2019,Lhokamo Panthers Praha F,FBC Mobydick Praha,0,30.09.2018, PHaSČ třída mužů
41,223041, Jakub Kalfiřt ,1,0,1,2018/2019,Lhokamo Panthers Praha F,FBC Mobydick Praha,0,30.09.2018, PHaSČ třída mužů
42,223041, Jakub Horyna ,0,2,2,2018/2019,Lhokamo Panthers Praha F,FBC Mobydick Praha,0,30.09.2018, PHaSČ třída mužů
43,223041, Jakub Vilim ,0,0,0,2018/2019,Lhokamo Panthers Praha F,FBC Mobydick Praha,0,30.09.2018, PHaSČ třída mužů
44,223041, Petr Zahradník ,1,0,1,2018/2019,Lhokamo Panthers Praha F,FBC Mobydick Praha,0,30.09.2018, PHaSČ třída mužů
45,225298, Aleš Martínek ,0,1,1,2018/2019,FKMP Praha B,FBC Mobydick Praha,0,13.10.2018, PHaSČ třída mužů
46,225298, Lucie Kisugite ,0,0,0,2018/2019,FKMP Praha B,FBC Mobydick Praha,0,13.10.2018, PHaSČ třída mužů
47,225298, Šimon Smrček ,0,0,0,2018/2019,FKMP Praha B,FBC Mobydick Praha,0,13.10.2018, PHaSČ třída mužů
48,225298, Jan Jiráň ,1,0,1,2018/2019,FKMP Praha B,FBC Mobydick Praha,0,13.10.2018, PHaSČ třída mužů
49,225298, Martin Fojtík ,3,0,3,2018/2019,FKMP Praha B,FBC Mobydick Praha,1,13.10.2018, PHaSČ třída mužů
50,225298, Martin Bosák ,1,0,1,2018/2019,FKMP Praha B,FBC Mobydick Praha,0,13.10.2018, PHaSČ třída mužů
51,225298, Libor Hrach ,0,1,1,2018/2019,FKMP Praha B,FBC Mobydick Praha,0,13.10.2018, PHaSČ třída mužů
52,225298, Jan Novák ,0,0,0,2018/2019,FKMP Praha B,FBC Mobydick Praha,0,13.10.2018, PHaSČ třída mužů
53,225298, Jakub Kalfiřt ,0,0,0,2018/2019,FKMP Praha B,FBC Mobydick Praha,0,13.10.2018, PHaSČ třída mužů
54,225298, Jakub Horyna ,1,1,2,2018/2019,FKMP Praha B,FBC Mobydick Praha,0,13.10.2018, PHaSČ třída mužů
55,225298, Jakub Vilim ,0,1,1,2018/2019,FKMP Praha B,FBC Mobydick Praha,0,13.10.2018, PHaSČ třída mužů
56,225298, Petr Zahradník ,0,0,0,2018/2019,FKMP Praha B,FBC Mobydick Praha,0,13.10.2018, PHaSČ třída mužů
57,225293, Aleš Martínek ,0,0,0,2018/2019,FBC Slavia Praha C,FBC Mobydick Praha,0,13.10.2018, PHaSČ třída mužů
58,225293, Lucie Kisugite ,1,0,1,2018/2019,FBC Slavia Praha C,FBC Mobydick Praha,0,13.10.2018, PHaSČ třída mužů
59,225293, Šimon Smrček ,1,0,1,2018/2019,FBC Slavia Praha C,FBC Mobydick Praha,0,13.10.2018, PHaSČ třída mužů
60,225293, Jan Jiráň ,0,0,0,2018/2019,FBC Slavia Praha C,FBC Mobydick Praha,0,13.10.2018, PHaSČ třída mužů
61,225293, Martin Fojtík ,1,1,2,2018/2019,FBC Slavia Praha C,FBC Mobydick Praha,0,13.10.2018, PHaSČ třída mužů
62,225293, Martin Bosák ,1,1,2,2018/2019,FBC Slavia Praha C,FBC Mobydick Praha,0,13.10.2018, PHaSČ třída mužů
63,225293, Libor Hrach ,0,0,0,2018/2019,FBC Slavia Praha C,FBC Mobydick Praha,0,13.10.2018, PHaSČ třída mužů
64,225293, Jan Novák ,0,0,0,2018/2019,FBC Slavia Praha C,FBC Mobydick Praha,0,13.10.2018, PHaSČ třída mužů
65,225293, Jakub Kalfiřt ,0,0,0,2018/2019,FBC Slavia Praha C,FBC Mobydick Praha,0,13.10.2018, PHaSČ třída mužů
66,225293, Jakub Horyna ,1,1,2,2018/2019,FBC Slavia Praha C,FBC Mobydick Praha,0,13.10.2018, PHaSČ třída mužů
67,225293, Jakub Vilim ,1,0,1,2018/2019,FBC Slavia Praha C,FBC Mobydick Praha,0,13.10.2018, PHaSČ třída mužů
68,225293, Petr Zahradník ,0,0,0,2018/2019,FBC Slavia Praha C,FBC Mobydick Praha,0,13.10.2018, PHaSČ třída mužů
69,229876, Aleš Martínek ,0,0,0,2018/2019,FBC Hornets Praha B,FBC Mobydick Praha,0,10.11.2018, PHaSČ třída mužů
70,229876, Lucie Kisugite ,1,0,1,2018/2019,FBC Hornets Praha B,FBC Mobydick Praha,0,10.11.2018, PHaSČ třída mužů
71,229876, Šimon Smrček ,0,0,0,2018/2019,FBC Hornets Praha B,FBC Mobydick Praha,0,10.11.2018, PHaSČ třída mužů
72,229876, Jan Jiráň ,0,0,0,2018/2019,FBC Hornets Praha B,FBC Mobydick Praha,0,10.11.2018, PHaSČ třída mužů
73,229876, Martin Bosák ,0,2,2,2018/2019,FBC Hornets Praha B,FBC Mobydick Praha,0,10.11.2018, PHaSČ třída mužů
74,229876, Libor Hrach ,1,0,1,2018/2019,FBC Hornets Praha B,FBC Mobydick Praha,0,10.11.2018, PHaSČ třída mužů
75,229876, Jan Novák ,0,0,0,2018/2019,FBC Hornets Praha B,FBC Mobydick Praha,0,10.11.2018, PHaSČ třída mužů
76,229876, Jakub Horyna ,0,1,1,2018/2019,FBC Hornets Praha B,FBC Mobydick Praha,0,10.11.2018, PHaSČ třída mužů
77,229876, Jakub Vilim ,1,0,1,2018/2019,FBC Hornets Praha B,FBC Mobydick Praha,0,10.11.2018, PHaSČ třída mužů
78,229876, Petr Zahradník ,0,0,0,2018/2019,FBC Hornets Praha B,FBC Mobydick Praha,0,10.11.2018, PHaSČ třída mužů
79,229873, Aleš Martínek ,0,0,0,2018/2019,FBK Vosy Praha DDM P2 C,FBC Mobydick Praha,0,10.11.2018, PHaSČ třída mužů
80,229873, Lucie Kisugite ,0,0,0,2018/2019,FBK Vosy Praha DDM P2 C,FBC Mobydick Praha,0,10.11.2018, PHaSČ třída mužů
81,229873, Šimon Smrček ,0,0,0,2018/2019,FBK Vosy Praha DDM P2 C,FBC Mobydick Praha,0,10.11.2018, PHaSČ třída mužů
82,229873, Jan Jiráň ,0,0,0,2018/2019,FBK Vosy Praha DDM P2 C,FBC Mobydick Praha,0,10.11.2018, PHaSČ třída mužů
83,229873, Martin Bosák ,1,0,1,2018/2019,FBK Vosy Praha DDM P2 C,FBC Mobydick Praha,0,10.11.2018, PHaSČ třída mužů
84,229873, Libor Hrach ,1,0,1,2018/2019,FBK Vosy Praha DDM P2 C,FBC Mobydick Praha,0,10.11.2018, PHaSČ třída mužů
85,229873, Jan Novák ,0,0,0,2018/2019,FBK Vosy Praha DDM P2 C,FBC Mobydick Praha,0,10.11.2018, PHaSČ třída mužů
86,229873, Jakub Horyna ,0,3,3,2018/2019,FBK Vosy Praha DDM P2 C,FBC Mobydick Praha,0,10.11.2018, PHaSČ třída mužů
87,229873, Jakub Vilim ,1,0,1,2018/2019,FBK Vosy Praha DDM P2 C,FBC Mobydick Praha,0,10.11.2018, PHaSČ třída mužů
88,229873, Petr Zahradník ,0,0,0,2018/2019,FBK Vosy Praha DDM P2 C,FBC Mobydick Praha,0,10.11.2018, PHaSČ třída mužů
89,232664, Aleš Martínek ,0,0,0,2018/2019,FLORBAL RIDERS,FBC Mobydick Praha,0,25.11.2018, PHaSČ třída mužů
90,232664, Lucie Kisugite ,1,1,2,2018/2019,FLORBAL RIDERS,FBC Mobydick Praha,0,25.11.2018, PHaSČ třída mužů
91,232664, Šimon Smrček ,0,0,0,2018/2019,FLORBAL RIDERS,FBC Mobydick Praha,0,25.11.2018, PHaSČ třída mužů
92,232664, Jan Jiráň ,0,2,2,2018/2019,FLORBAL RIDERS,FBC Mobydick Praha,0,25.11.2018, PHaSČ třída mužů
93,232664, Martin Fojtík ,2,0,2,2018/2019,FLORBAL RIDERS,FBC Mobydick Praha,0,25.11.2018, PHaSČ třída mužů
94,232664, Jaroslav Drahotínský ,0,0,0,2018/2019,FLORBAL RIDERS,FBC Mobydick Praha,0,25.11.2018, PHaSČ třída mužů
95,232664, Martin Bosák ,6,1,7,2018/2019,FLORBAL RIDERS,FBC Mobydick Praha,2,25.11.2018, PHaSČ třída mužů
96,232664, Libor Hrach ,1,1,2,2018/2019,FLORBAL RIDERS,FBC Mobydick Praha,0,25.11.2018, PHaSČ třída mužů
97,232664, Jan Šrámek ,0,0,0,2018/2019,FLORBAL RIDERS,FBC Mobydick Praha,0,25.11.2018, PHaSČ třída mužů
98,232664, Jan Novák ,0,0,0,2018/2019,FLORBAL RIDERS,FBC Mobydick Praha,0,25.11.2018, PHaSČ třída mužů
99,232664, Jakub Kalfiřt ,1,0,1,2018/2019,FLORBAL RIDERS,FBC Mobydick Praha,0,25.11.2018, PHaSČ třída mužů
100,232664, Jakub Horyna ,0,2,2,2018/2019,FLORBAL RIDERS,FBC Mobydick Praha,0,25.11.2018, PHaSČ třída mužů
101,232664, Jakub Vilim ,1,0,1,2018/2019,FLORBAL RIDERS,FBC Mobydick Praha,0,25.11.2018, PHaSČ třída mužů
102,232664, Petr Zahradník ,0,1,1,2018/2019,FLORBAL RIDERS,FBC Mobydick Praha,0,25.11.2018, PHaSČ třída mužů
103,232662, Aleš Martínek ,0,0,0,2018/2019,FBC Slavia Praha C,FBC Mobydick Praha,0,25.11.2018, PHaSČ třída mužů
104,232662, Lucie Kisugite ,0,0,0,2018/2019,FBC Slavia Praha C,FBC Mobydick Praha,0,25.11.2018, PHaSČ třída mužů
105,232662, Šimon Smrček ,0,0,0,2018/2019,FBC Slavia Praha C,FBC Mobydick Praha,0,25.11.2018, PHaSČ třída mužů
106,232662, Jan Jiráň ,0,0,0,2018/2019,FBC Slavia Praha C,FBC Mobydick Praha,0,25.11.2018, PHaSČ třída mužů
107,232662, Martin Fojtík ,2,0,2,2018/2019,FBC Slavia Praha C,FBC Mobydick Praha,0,25.11.2018, PHaSČ třída mužů
108,232662, Jaroslav Drahotínský ,0,0,0,2018/2019,FBC Slavia Praha C,FBC Mobydick Praha,0,25.11.2018, PHaSČ třída mužů
109,232662, Martin Bosák ,0,2,2,2018/2019,FBC Slavia Praha C,FBC Mobydick Praha,0,25.11.2018, PHaSČ třída mužů
110,232662, Libor Hrach ,0,0,0,2018/2019,FBC Slavia Praha C,FBC Mobydick Praha,0,25.11.2018, PHaSČ třída mužů
111,232662, Jan Šrámek ,0,0,0,2018/2019,FBC Slavia Praha C,FBC Mobydick Praha,0,25.11.2018, PHaSČ třída mužů
112,232662, Jan Novák ,0,0,0,2018/2019,FBC Slavia Praha C,FBC Mobydick Praha,0,25.11.2018, PHaSČ třída mužů
113,232662, Jakub Kalfiřt ,0,0,0,2018/2019,FBC Slavia Praha C,FBC Mobydick Praha,0,25.11.2018, PHaSČ třída mužů
114,232662, Jakub Horyna ,0,0,0,2018/2019,FBC Slavia Praha C,FBC Mobydick Praha,0,25.11.2018, PHaSČ třída mužů
115,232662, Jakub Vilim ,0,0,0,2018/2019,FBC Slavia Praha C,FBC Mobydick Praha,0,25.11.2018, PHaSČ třída mužů
116,232662, Petr Zahradník ,0,0,0,2018/2019,FBC Slavia Praha C,FBC Mobydick Praha,0,25.11.2018, PHaSČ třída mužů
117,236944, Aleš Martínek ,0,0,0,2018/2019,FBC Majklar,FBC Mobydick Praha,0,12.01.2019, PHaSČ třída mužů
118,236944, Lucie Kisugite ,0,0,0,2018/2019,FBC Majklar,FBC Mobydick Praha,0,12.01.2019, PHaSČ třída mužů
119,236944, Šimon Smrček ,0,0,0,2018/2019,FBC Majklar,FBC Mobydick Praha,0,12.01.2019, PHaSČ třída mužů
120,236944, Jan Jiráň ,0,1,1,2018/2019,FBC Majklar,FBC Mobydick Praha,0,12.01.2019, PHaSČ třída mužů
121,236944, Martin Fojtík ,1,2,3,2018/2019,FBC Majklar,FBC Mobydick Praha,0,12.01.2019, PHaSČ třída mužů
122,236944, Martin Bosák ,2,1,3,2018/2019,FBC Majklar,FBC Mobydick Praha,0,12.01.2019, PHaSČ třída mužů
123,236944, Vít Hryzák ,0,0,0,2018/2019,FBC Majklar,FBC Mobydick Praha,0,12.01.2019, PHaSČ třída mužů
124,236944, Libor Hrach ,0,0,0,2018/2019,FBC Majklar,FBC Mobydick Praha,0,12.01.2019, PHaSČ třída mužů
125,236944, Jan Novák ,0,0,0,2018/2019,FBC Majklar,FBC Mobydick Praha,0,12.01.2019, PHaSČ třída mužů
126,236944, Jakub Horyna ,1,1,2,2018/2019,FBC Majklar,FBC Mobydick Praha,0,12.01.2019, PHaSČ třída mužů
127,236944, Jakub Vilim ,0,0,0,2018/2019,FBC Majklar,FBC Mobydick Praha,0,12.01.2019, PHaSČ třída mužů
128,236944, Petr Zahradník ,1,0,1,2018/2019,FBC Majklar,FBC Mobydick Praha,0,12.01.2019, PHaSČ třída mužů
129,236942, Aleš Martínek ,1,0,1,2018/2019,FC Bučis Team B,FBC Mobydick Praha,0,12.01.2019, PHaSČ třída mužů
130,236942, Lucie Kisugite ,0,0,0,2018/2019,FC Bučis Team B,FBC Mobydick Praha,0,12.01.2019, PHaSČ třída mužů
131,236942, Šimon Smrček ,0,0,0,2018/2019,FC Bučis Team B,FBC Mobydick Praha,0,12.01.2019, PHaSČ třída mužů
132,236942, Jan Jiráň ,0,0,0,2018/2019,FC Bučis Team B,FBC Mobydick Praha,0,12.01.2019, PHaSČ třída mužů
133,236942, Martin Fojtík ,0,1,1,2018/2019,FC Bučis Team B,FBC Mobydick Praha,0,12.01.2019, PHaSČ třída mužů
134,236942, Martin Bosák ,0,2,2,2018/2019,FC Bučis Team B,FBC Mobydick Praha,0,12.01.2019, PHaSČ třída mužů
135,236942, Vít Hryzák ,0,0,0,2018/2019,FC Bučis Team B,FBC Mobydick Praha,0,12.01.2019, PHaSČ třída mužů
136,236942, Libor Hrach ,0,0,0,2018/2019,FC Bučis Team B,FBC Mobydick Praha,0,12.01.2019, PHaSČ třída mužů
137,236942, Jan Novák ,0,0,0,2018/2019,FC Bučis Team B,FBC Mobydick Praha,0,12.01.2019, PHaSČ třída mužů
138,236942, Jakub Horyna ,2,1,3,2018/2019,FC Bučis Team B,FBC Mobydick Praha,0,12.01.2019, PHaSČ třída mužů
139,236942, Jakub Vilim ,1,0,1,2018/2019,FC Bučis Team B,FBC Mobydick Praha,0,12.01.2019, PHaSČ třída mužů
140,236942, Petr Zahradník ,0,0,0,2018/2019,FC Bučis Team B,FBC Mobydick Praha,0,12.01.2019, PHaSČ třída mužů
141,239917, Aleš Martínek ,1,0,1,2018/2019,FBC Blue Horses B,FBC Mobydick Praha,0,02.02.2019, PHaSČ třída mužů
142,239917, Lucie Kisugite ,0,0,0,2018/2019,FBC Blue Horses B,FBC Mobydick Praha,0,02.02.2019, PHaSČ třída mužů
143,239917, Šimon Smrček ,0,0,0,2018/2019,FBC Blue Horses B,FBC Mobydick Praha,0,02.02.2019, PHaSČ třída mužů
144,239917, Jan Jiráň ,1,0,1,2018/2019,FBC Blue Horses B,FBC Mobydick Praha,0,02.02.2019, PHaSČ třída mužů
145,239917, Martin Fojtík ,3,1,4,2018/2019,FBC Blue Horses B,FBC Mobydick Praha,1,02.02.2019, PHaSČ třída mužů
146,239917, Martin Bosák ,1,1,2,2018/2019,FBC Blue Horses B,FBC Mobydick Praha,0,02.02.2019, PHaSČ třída mužů
147,239917, Libor Hrach ,1,0,1,2018/2019,FBC Blue Horses B,FBC Mobydick Praha,0,02.02.2019, PHaSČ třída mužů
148,239917, Jan Novák ,0,0,0,2018/2019,FBC Blue Horses B,FBC Mobydick Praha,0,02.02.2019, PHaSČ třída mužů
149,239917, Jakub Horyna ,1,4,5,2018/2019,FBC Blue Horses B,FBC Mobydick Praha,0,02.02.2019, PHaSČ třída mužů
150,239917, Petr Zahradník ,1,0,1,2018/2019,FBC Blue Horses B,FBC Mobydick Praha,0,02.02.2019, PHaSČ třída mužů
151,239912, Aleš Martínek ,0,1,1,2018/2019,FBC Hornets Praha B,FBC Mobydick Praha,0,02.02.2019, PHaSČ třída mužů
152,239912, Lucie Kisugite ,0,0,0,2018/2019,FBC Hornets Praha B,FBC Mobydick Praha,0,02.02.2019, PHaSČ třída mužů
153,239912, Šimon Smrček ,0,0,0,2018/2019,FBC Hornets Praha B,FBC Mobydick Praha,0,02.02.2019, PHaSČ třída mužů
154,239912, Jan Jiráň ,0,0,0,2018/2019,FBC Hornets Praha B,FBC Mobydick Praha,0,02.02.2019, PHaSČ třída mužů
155,239912, Martin Fojtík ,2,2,4,2018/2019,FBC Hornets Praha B,FBC Mobydick Praha,0,02.02.2019, PHaSČ třída mužů
156,239912, Martin Bosák ,0,0,0,2018/2019,FBC Hornets Praha B,FBC Mobydick Praha,0,02.02.2019, PHaSČ třída mužů
157,239912, Libor Hrach ,2,0,2,2018/2019,FBC Hornets Praha B,FBC Mobydick Praha,0,02.02.2019, PHaSČ třída mužů
158,239912, Jan Novák ,0,0,0,2018/2019,FBC Hornets Praha B,FBC Mobydick Praha,0,02.02.2019, PHaSČ třída mužů
159,239912, Jakub Horyna ,1,2,3,2018/2019,FBC Hornets Praha B,FBC Mobydick Praha,0,02.02.2019, PHaSČ třída mužů
160,239912, Petr Zahradník ,0,0,0,2018/2019,FBC Hornets Praha B,FBC Mobydick Praha,0,02.02.2019, PHaSČ třída mužů
161,242544, Aleš Martínek ,1,1,2,2018/2019,TJ Sokol Dobříš B,FBC Mobydick Praha,0,16.02.2019, PHaSČ třída mužů
162,242544, Lucie Kisugite ,0,0,0,2018/2019,TJ Sokol Dobříš B,FBC Mobydick Praha,0,16.02.2019, PHaSČ třída mužů
163,242544, Šimon Smrček ,0,0,0,2018/2019,TJ Sokol Dobříš B,FBC Mobydick Praha,0,16.02.2019, PHaSČ třída mužů
164,242544, Jan Jiráň ,1,0,1,2018/2019,TJ Sokol Dobříš B,FBC Mobydick Praha,0,16.02.2019, PHaSČ třída mužů
165,242544, Jaroslav Drahotínský ,0,0,0,2018/2019,TJ Sokol Dobříš B,FBC Mobydick Praha,0,16.02.2019, PHaSČ třída mužů
166,242544, Martin Bosák ,1,0,1,2018/2019,TJ Sokol Dobříš B,FBC Mobydick Praha,0,16.02.2019, PHaSČ třída mužů
167,242544, Libor Hrach ,0,0,0,2018/2019,TJ Sokol Dobříš B,FBC Mobydick Praha,0,16.02.2019, PHaSČ třída mužů
168,242544, Jan Novák ,0,1,1,2018/2019,TJ Sokol Dobříš B,FBC Mobydick Praha,0,16.02.2019, PHaSČ třída mužů
169,242544, Jakub Vilim ,0,0,0,2018/2019,TJ Sokol Dobříš B,FBC Mobydick Praha,0,16.02.2019, PHaSČ třída mužů
170,242544, Petr Zahradník ,0,0,0,2018/2019,TJ Sokol Dobříš B,FBC Mobydick Praha,0,16.02.2019, PHaSČ třída mužů
171,242540, Aleš Martínek ,1,0,1,2018/2019,FBK Vosy Praha DDM P2 C,FBC Mobydick Praha,0,16.02.2019, PHaSČ třída mužů
172,242540, Lucie Kisugite ,0,0,0,2018/2019,FBK Vosy Praha DDM P2 C,FBC Mobydick Praha,0,16.02.2019, PHaSČ třída mužů
173,242540, Šimon Smrček ,0,0,0,2018/2019,FBK Vosy Praha DDM P2 C,FBC Mobydick Praha,0,16.02.2019, PHaSČ třída mužů
174,242540, Jan Jiráň ,0,1,1,2018/2019,FBK Vosy Praha DDM P2 C,FBC Mobydick Praha,0,16.02.2019, PHaSČ třída mužů
175,242540, Jaroslav Drahotínský ,0,0,0,2018/2019,FBK Vosy Praha DDM P2 C,FBC Mobydick Praha,0,16.02.2019, PHaSČ třída mužů
176,242540, Martin Bosák ,0,0,0,2018/2019,FBK Vosy Praha DDM P2 C,FBC Mobydick Praha,0,16.02.2019, PHaSČ třída mužů
177,242540, Libor Hrach ,2,0,2,2018/2019,FBK Vosy Praha DDM P2 C,FBC Mobydick Praha,0,16.02.2019, PHaSČ třída mužů
178,242540, Jan Novák ,0,0,0,2018/2019,FBK Vosy Praha DDM P2 C,FBC Mobydick Praha,0,16.02.2019, PHaSČ třída mužů
179,242540, Jakub Vilim ,0,0,0,2018/2019,FBK Vosy Praha DDM P2 C,FBC Mobydick Praha,0,16.02.2019, PHaSČ třída mužů
180,242540, Petr Zahradník ,0,0,0,2018/2019,FBK Vosy Praha DDM P2 C,FBC Mobydick Praha,0,16.02.2019, PHaSČ třída mužů
181,244641, Aleš Martínek ,1,0,1,2018/2019,FLORBAL RIDERS,FBC Mobydick Praha,0,02.03.2019, PHaSČ třída mužů
182,244641, Lucie Kisugite ,0,0,0,2018/2019,FLORBAL RIDERS,FBC Mobydick Praha,0,02.03.2019, PHaSČ třída mužů
183,244641, Šimon Smrček ,0,0,0,2018/2019,FLORBAL RIDERS,FBC Mobydick Praha,0,02.03.2019, PHaSČ třída mužů
184,244641, Jan Jiráň ,0,1,1,2018/2019,FLORBAL RIDERS,FBC Mobydick Praha,0,02.03.2019, PHaSČ třída mužů
185,244641, Martin Fojtík ,4,1,5,2018/2019,FLORBAL RIDERS,FBC Mobydick Praha,1,02.03.2019, PHaSČ třída mužů
186,244641, Jaroslav Drahotínský ,0,0,0,2018/2019,FLORBAL RIDERS,FBC Mobydick Praha,0,02.03.2019, PHaSČ třída mužů
187,244641, Martin Bosák ,1,2,3,2018/2019,FLORBAL RIDERS,FBC Mobydick Praha,0,02.03.2019, PHaSČ třída mužů
188,244641, Jakub Kalfiřt ,0,0,0,2018/2019,FLORBAL RIDERS,FBC Mobydick Praha,0,02.03.2019, PHaSČ třída mužů
189,244641, Jakub Horyna ,2,2,4,2018/2019,FLORBAL RIDERS,FBC Mobydick Praha,0,02.03.2019, PHaSČ třída mužů
190,244641, Jakub Vilim ,1,2,3,2018/2019,FLORBAL RIDERS,FBC Mobydick Praha,0,02.03.2019, PHaSČ třída mužů
191,244641, Petr Zahradník ,1,1,2,2018/2019,FLORBAL RIDERS,FBC Mobydick Praha,0,02.03.2019, PHaSČ třída mužů
192,244484, Aleš Martínek ,2,1,3,2018/2019,FBC Majklar,FBC Mobydick Praha,0,02.03.2019, PHaSČ třída mužů
193,244484, Lucie Kisugite ,0,1,1,2018/2019,FBC Majklar,FBC Mobydick Praha,0,02.03.2019, PHaSČ třída mužů
194,244484, Šimon Smrček ,0,0,0,2018/2019,FBC Majklar,FBC Mobydick Praha,0,02.03.2019, PHaSČ třída mužů
195,244484, Jan Jiráň ,0,2,2,2018/2019,FBC Majklar,FBC Mobydick Praha,0,02.03.2019, PHaSČ třída mužů
196,244484, Martin Fojtík ,7,2,9,2018/2019,FBC Majklar,FBC Mobydick Praha,2,02.03.2019, PHaSČ třída mužů
197,244484, Jaroslav Drahotínský ,0,0,0,2018/2019,FBC Majklar,FBC Mobydick Praha,0,02.03.2019, PHaSČ třída mužů
198,244484, Martin Bosák ,2,1,3,2018/2019,FBC Majklar,FBC Mobydick Praha,0,02.03.2019, PHaSČ třída mužů
199,244484, Jakub Kalfiřt ,0,0,0,2018/2019,FBC Majklar,FBC Mobydick Praha,0,02.03.2019, PHaSČ třída mužů
200,244484, Jakub Horyna ,2,4,6,2018/2019,FBC Majklar,FBC Mobydick Praha,0,02.03.2019, PHaSČ třída mužů
201,244484, Jakub Vilim ,1,1,2,2018/2019,FBC Majklar,FBC Mobydick Praha,0,02.03.2019, PHaSČ třída mužů
202,244484, Petr Zahradník ,0,0,0,2018/2019,FBC Majklar,FBC Mobydick Praha,0,02.03.2019, PHaSČ třída mužů
203,245316, Aleš Martínek ,1,0,1,2018/2019,FKMP Praha B,FBC Mobydick Praha,0,23.03.2019, PHaSČ třída mužů
204,245316, Lucie Kisugite ,1,3,4,2018/2019,FKMP Praha B,FBC Mobydick Praha,0,23.03.2019, PHaSČ třída mužů
205,245316, Šimon Smrček ,0,0,0,2018/2019,FKMP Praha B,FBC Mobydick Praha,0,23.03.2019, PHaSČ třída mužů
206,245316, Jan Jiráň ,0,1,1,2018/2019,FKMP Praha B,FBC Mobydick Praha,0,23.03.2019, PHaSČ třída mužů
207,245316, Martin Fojtík ,4,3,7,2018/2019,FKMP Praha B,FBC Mobydick Praha,1,23.03.2019, PHaSČ třída mužů
208,245316, Martin Bosák ,0,3,3,2018/2019,FKMP Praha B,FBC Mobydick Praha,0,23.03.2019, PHaSČ třída mužů
209,245316, Jan Novák ,0,0,0,2018/2019,FKMP Praha B,FBC Mobydick Praha,0,23.03.2019, PHaSČ třída mužů
210,245316, Jakub Horyna ,6,1,7,2018/2019,FKMP Praha B,FBC Mobydick Praha,2,23.03.2019, PHaSČ třída mužů
211,245316, Jakub Vilim ,1,0,1,2018/2019,FKMP Praha B,FBC Mobydick Praha,0,23.03.2019, PHaSČ třída mužů
212,245316, Petr Zahradník ,0,1,1,2018/2019,FKMP Praha B,FBC Mobydick Praha,0,23.03.2019, PHaSČ třída mužů
213,247361, Aleš Martínek ,1,1,2,2018/2019,FBC Blue Horses B,FBC Mobydick Praha,0,23.03.2019, PHaSČ třída mužů
214,247361, Lucie Kisugite ,2,0,2,2018/2019,FBC Blue Horses B,FBC Mobydick Praha,0,23.03.2019, PHaSČ třída mužů
215,247361, Šimon Smrček ,0,0,0,2018/2019,FBC Blue Horses B,FBC Mobydick Praha,0,23.03.2019, PHaSČ třída mužů
216,247361, Jan Jiráň ,0,0,0,2018/2019,FBC Blue Horses B,FBC Mobydick Praha,0,23.03.2019, PHaSČ třída mužů
217,247361, Martin Fojtík ,3,1,4,2018/2019,FBC Blue Horses B,FBC Mobydick Praha,1,23.03.2019, PHaSČ třída mužů
218,247361, Martin Bosák ,1,2,3,2018/2019,FBC Blue Horses B,FBC Mobydick Praha,0,23.03.2019, PHaSČ třída mužů
219,247361, Jan Novák ,0,0,0,2018/2019,FBC Blue Horses B,FBC Mobydick Praha,0,23.03.2019, PHaSČ třída mužů
220,247361, Jakub Horyna ,1,3,4,2018/2019,FBC Blue Horses B,FBC Mobydick Praha,0,23.03.2019, PHaSČ třída mužů
221,247361, Jakub Vilim ,0,0,0,2018/2019,FBC Blue Horses B,FBC Mobydick Praha,0,23.03.2019, PHaSČ třída mužů
222,247361, Petr Zahradník ,1,0,1,2018/2019,FBC Blue Horses B,FBC Mobydick Praha,0,23.03.2019, PHaSČ třída mužů
223,249569, Aleš Martínek ,0,0,0,2018/2019,FC Bučis Team B,FBC Mobydick Praha,0,06.04.2019, PHaSČ třída mužů
224,249569, Lucie Kisugite ,0,0,0,2018/2019,FC Bučis Team B,FBC Mobydick Praha,0,06.04.2019, PHaSČ třída mužů
225,249569, Šimon Smrček ,0,0,0,2018/2019,FC Bučis Team B,FBC Mobydick Praha,0,06.04.2019, PHaSČ třída mužů
226,249569, Jan Jiráň ,0,0,0,2018/2019,FC Bučis Team B,FBC Mobydick Praha,0,06.04.2019, PHaSČ třída mužů
227,249569, Martin Fojtík ,2,0,2,2018/2019,FC Bučis Team B,FBC Mobydick Praha,0,06.04.2019, PHaSČ třída mužů
228,249569, Jaroslav Drahotínský ,0,0,0,2018/2019,FC Bučis Team B,FBC Mobydick Praha,0,06.04.2019, PHaSČ třída mužů
229,249569, Martin Bosák ,0,1,1,2018/2019,FC Bučis Team B,FBC Mobydick Praha,0,06.04.2019, PHaSČ třída mužů
230,249569, Jan Novák ,0,0,0,2018/2019,FC Bučis Team B,FBC Mobydick Praha,0,06.04.2019, PHaSČ třída mužů
231,249569, Jakub Horyna ,1,0,1,2018/2019,FC Bučis Team B,FBC Mobydick Praha,0,06.04.2019, PHaSČ třída mužů
232,249569, Jakub Vilim ,0,0,0,2018/2019,FC Bučis Team B,FBC Mobydick Praha,0,06.04.2019, PHaSČ třída mužů
233,249569, Petr Zahradník ,0,0,0,2018/2019,FC Bučis Team B,FBC Mobydick Praha,0,06.04.2019, PHaSČ třída mužů
234,249565, Aleš Martínek ,0,0,0,2018/2019,Prague Tigers E,FBC Mobydick Praha,0,06.04.2019, PHaSČ třída mužů
235,249565, Lucie Kisugite ,1,0,1,2018/2019,Prague Tigers E,FBC Mobydick Praha,0,06.04.2019, PHaSČ třída mužů
236,249565, Šimon Smrček ,0,1,1,2018/2019,Prague Tigers E,FBC Mobydick Praha,0,06.04.2019, PHaSČ třída mužů
237,249565, Jan Jiráň ,0,0,0,2018/2019,Prague Tigers E,FBC Mobydick Praha,0,06.04.2019, PHaSČ třída mužů
238,249565, Martin Fojtík ,3,0,3,2018/2019,Prague Tigers E,FBC Mobydick Praha,1,06.04.2019, PHaSČ třída mužů
239,249565, Jaroslav Drahotínský ,0,0,0,2018/2019,Prague Tigers E,FBC Mobydick Praha,0,06.04.2019, PHaSČ třída mužů
240,249565, Martin Bosák ,1,2,3,2018/2019,Prague Tigers E,FBC Mobydick Praha,0,06.04.2019, PHaSČ třída mužů
241,249565, Jan Novák ,0,0,0,2018/2019,Prague Tigers E,FBC Mobydick Praha,0,06.04.2019, PHaSČ třída mužů
242,249565, Jakub Horyna ,1,2,3,2018/2019,Prague Tigers E,FBC Mobydick Praha,0,06.04.2019, PHaSČ třída mužů
243,249565, Jakub Vilim ,0,0,0,2018/2019,Prague Tigers E,FBC Mobydick Praha,0,06.04.2019, PHaSČ třída mužů
244,249565, Petr Zahradník ,0,0,0,2018/2019,Prague Tigers E,FBC Mobydick Praha,0,06.04.2019, PHaSČ třída mužů
245,222364, Aleš Martínek ,3,0,3,2018/2019,SK Bruisers Dejvice,FBC Mobydick Praha,1,27.04.2019, PHaSČ třída mužů
246,222364, Lucie Kisugite ,0,0,0,2018/2019,SK Bruisers Dejvice,FBC Mobydick Praha,0,27.04.2019, PHaSČ třída mužů
247,222364, Šimon Smrček ,0,0,0,2018/2019,SK Bruisers Dejvice,FBC Mobydick Praha,0,27.04.2019, PHaSČ třída mužů
248,222364, Jan Jiráň ,0,1,1,2018/2019,SK Bruisers Dejvice,FBC Mobydick Praha,0,27.04.2019, PHaSČ třída mužů
249,222364, Martin Fojtík ,2,3,5,2018/2019,SK Bruisers Dejvice,FBC Mobydick Praha,0,27.04.2019, PHaSČ třída mužů
250,222364, Jaroslav Drahotínský ,0,0,0,2018/2019,SK Bruisers Dejvice,FBC Mobydick Praha,0,27.04.2019, PHaSČ třída mužů
251,222364, Martin Bosák ,1,0,1,2018/2019,SK Bruisers Dejvice,FBC Mobydick Praha,0,27.04.2019, PHaSČ třída mužů
252,222364, Jan Novák ,0,0,0,2018/2019,SK Bruisers Dejvice,FBC Mobydick Praha,0,27.04.2019, PHaSČ třída mužů
253,222364, Jakub Horyna ,2,4,6,2018/2019,SK Bruisers Dejvice,FBC Mobydick Praha,0,27.04.2019, PHaSČ třída mužů
254,222364, Jakub Vilim ,0,0,0,2018/2019,SK Bruisers Dejvice,FBC Mobydick Praha,0,27.04.2019, PHaSČ třída mužů
255,222364, Petr Zahradník ,0,0,0,2018/2019,SK Bruisers Dejvice,FBC Mobydick Praha,0,27.04.2019, PHaSČ třída mužů
256,251696, Aleš Martínek ,0,0,0,2018/2019,Lhokamo Panthers Praha F,FBC Mobydick Praha,0,27.04.2019, PHaSČ třída mužů
257,251696, Lucie Kisugite ,0,1,1,2018/2019,Lhokamo Panthers Praha F,FBC Mobydick Praha,0,27.04.2019, PHaSČ třída mužů
258,251696, Šimon Smrček ,1,2,3,2018/2019,Lhokamo Panthers Praha F,FBC Mobydick Praha,0,27.04.2019, PHaSČ třída mužů
259,251696, Martin Fojtík ,4,0,4,2018/2019,Lhokamo Panthers Praha F,FBC Mobydick Praha,1,27.04.2019, PHaSČ třída mužů
260,251696, Jaroslav Drahotínský ,0,0,0,2018/2019,Lhokamo Panthers Praha F,FBC Mobydick Praha,0,27.04.2019, PHaSČ třída mužů
261,251696, Martin Bosák ,0,1,1,2018/2019,Lhokamo Panthers Praha F,FBC Mobydick Praha,0,27.04.2019, PHaSČ třída mužů
262,251696, Jan Novák ,0,0,0,2018/2019,Lhokamo Panthers Praha F,FBC Mobydick Praha,0,27.04.2019, PHaSČ třída mužů
263,251696, Jakub Horyna ,0,1,1,2018/2019,Lhokamo Panthers Praha F,FBC Mobydick Praha,0,27.04.2019, PHaSČ třída mužů
264,251696, Jakub Vilim ,0,0,0,2018/2019,Lhokamo Panthers Praha F,FBC Mobydick Praha,0,27.04.2019, PHaSČ třída mužů
265,251696, Petr Zahradník ,0,0,0,2018/2019,Lhokamo Panthers Praha F,FBC Mobydick Praha,0,27.04.2019, PHaSČ třída mužů
266,255299, Aleš Martínek ,0,1,1,2019/2020,SK Black Dragons,FBC Mobydick Praha,0,15.09.2019, PH a SČ soutěž mužů
267,255299, Šimon Smrček ,0,0,0,2019/2020,SK Black Dragons,FBC Mobydick Praha,0,15.09.2019, PH a SČ soutěž mužů
268,255299, Petr Sukalovský ,1,1,2,2019/2020,SK Black Dragons,FBC Mobydick Praha,0,15.09.2019, PH a SČ soutěž mužů
269,255299, Jan Jiráň ,0,0,0,2019/2020,SK Black Dragons,FBC Mobydick Praha,0,15.09.2019, PH a SČ soutěž mužů
270,255299, Jaroslav Drahotínský ,0,0,0,2019/2020,SK Black Dragons,FBC Mobydick Praha,0,15.09.2019, PH a SČ soutěž mužů
271,255299, Martin Bosák ,3,1,4,2019/2020,SK Black Dragons,FBC Mobydick Praha,1,15.09.2019, PH a SČ soutěž mužů
272,255299, Libor Hrach ,0,0,0,2019/2020,SK Black Dragons,FBC Mobydick Praha,0,15.09.2019, PH a SČ soutěž mužů
273,255299, Tomáš Štumf ,1,0,1,2019/2020,SK Black Dragons,FBC Mobydick Praha,0,15.09.2019, PH a SČ soutěž mužů
274,255299, Rudolf Rubáš ,0,0,0,2019/2020,SK Black Dragons,FBC Mobydick Praha,0,15.09.2019, PH a SČ soutěž mužů
275,255299, Jakub Vilim ,0,0,0,2019/2020,SK Black Dragons,FBC Mobydick Praha,0,15.09.2019, PH a SČ soutěž mužů
276,255299, Petr Zahradník ,0,1,1,2019/2020,SK Black Dragons,FBC Mobydick Praha,0,15.09.2019, PH a SČ soutěž mužů
277,255295, Aleš Martínek ,1,0,1,2019/2020,AIK Steel Kladno B,FBC Mobydick Praha,0,15.09.2019, PH a SČ soutěž mužů
278,255295, Šimon Smrček ,0,1,1,2019/2020,AIK Steel Kladno B,FBC Mobydick Praha,0,15.09.2019, PH a SČ soutěž mužů
279,255295, Petr Sukalovský ,0,0,0,2019/2020,AIK Steel Kladno B,FBC Mobydick Praha,0,15.09.2019, PH a SČ soutěž mužů
280,255295, Jan Jiráň ,1,0,1,2019/2020,AIK Steel Kladno B,FBC Mobydick Praha,0,15.09.2019, PH a SČ soutěž mužů
281,255295, Jaroslav Drahotínský ,0,0,0,2019/2020,AIK Steel Kladno B,FBC Mobydick Praha,0,15.09.2019, PH a SČ soutěž mužů
282,255295, Martin Bosák ,1,0,1,2019/2020,AIK Steel Kladno B,FBC Mobydick Praha,0,15.09.2019, PH a SČ soutěž mužů
283,255295, Libor Hrach ,0,0,0,2019/2020,AIK Steel Kladno B,FBC Mobydick Praha,0,15.09.2019, PH a SČ soutěž mužů
284,255295, Tomáš Štumf ,0,0,0,2019/2020,AIK Steel Kladno B,FBC Mobydick Praha,0,15.09.2019, PH a SČ soutěž mužů
285,255295, Rudolf Rubáš ,0,0,0,2019/2020,AIK Steel Kladno B,FBC Mobydick Praha,0,15.09.2019, PH a SČ soutěž mužů
286,255295, Jakub Vilim ,0,0,0,2019/2020,AIK Steel Kladno B,FBC Mobydick Praha,0,15.09.2019, PH a SČ soutěž mužů
287,255295, Petr Zahradník ,0,0,0,2019/2020,AIK Steel Kladno B,FBC Mobydick Praha,0,15.09.2019, PH a SČ soutěž mužů
288,257498, Aleš Martínek ,0,1,1,2019/2020,FBC Falcons Žižkov,FBC Mobydick Praha,0,29.09.2019, PH a SČ soutěž mužů
289,257498, Matej Kolesár ,0,0,0,2019/2020,FBC Falcons Žižkov,FBC Mobydick Praha,0,29.09.2019, PH a SČ soutěž mužů
290,257498, Petr Sukalovský ,1,0,1,2019/2020,FBC Falcons Žižkov,FBC Mobydick Praha,0,29.09.2019, PH a SČ soutěž mužů
291,257498, Filip Gaberdén ,0,0,0,2019/2020,FBC Falcons Žižkov,FBC Mobydick Praha,0,29.09.2019, PH a SČ soutěž mužů
292,257498, Martin Bosák ,0,2,2,2019/2020,FBC Falcons Žižkov,FBC Mobydick Praha,0,29.09.2019, PH a SČ soutěž mužů
293,257498, Libor Hrach ,1,0,1,2019/2020,FBC Falcons Žižkov,FBC Mobydick Praha,0,29.09.2019, PH a SČ soutěž mužů
294,257498, Tomáš Štumf ,1,1,2,2019/2020,FBC Falcons Žižkov,FBC Mobydick Praha,0,29.09.2019, PH a SČ soutěž mužů
295,257498, Rudolf Rubáš ,1,0,1,2019/2020,FBC Falcons Žižkov,FBC Mobydick Praha,0,29.09.2019, PH a SČ soutěž mužů
296,257498, Jakub Vilim ,0,0,0,2019/2020,FBC Falcons Žižkov,FBC Mobydick Praha,0,29.09.2019, PH a SČ soutěž mužů
297,257498, Petr Zahradník ,0,0,0,2019/2020,FBC Falcons Žižkov,FBC Mobydick Praha,0,29.09.2019, PH a SČ soutěž mužů
298,257495, Aleš Martínek ,1,0,1,2019/2020,FBC TJ Lokomotiva Zdice,FBC Mobydick Praha,0,29.09.2019, PH a SČ soutěž mužů
299,257495, Matej Kolesár ,0,0,0,2019/2020,FBC TJ Lokomotiva Zdice,FBC Mobydick Praha,0,29.09.2019, PH a SČ soutěž mužů
300,257495, Petr Sukalovský ,0,0,0,2019/2020,FBC TJ Lokomotiva Zdice,FBC Mobydick Praha,0,29.09.2019, PH a SČ soutěž mužů
301,257495, Filip Gaberdén ,0,1,1,2019/2020,FBC TJ Lokomotiva Zdice,FBC Mobydick Praha,0,29.09.2019, PH a SČ soutěž mužů
302,257495, Martin Bosák ,1,1,2,2019/2020,FBC TJ Lokomotiva Zdice,FBC Mobydick Praha,0,29.09.2019, PH a SČ soutěž mužů
303,257495, Libor Hrach ,0,0,0,2019/2020,FBC TJ Lokomotiva Zdice,FBC Mobydick Praha,0,29.09.2019, PH a SČ soutěž mužů
304,257495, Tomáš Štumf ,0,0,0,2019/2020,FBC TJ Lokomotiva Zdice,FBC Mobydick Praha,0,29.09.2019, PH a SČ soutěž mužů
305,257495, Rudolf Rubáš ,1,2,3,2019/2020,FBC TJ Lokomotiva Zdice,FBC Mobydick Praha,0,29.09.2019, PH a SČ soutěž mužů
306,257495, Jakub Vilim ,1,0,1,2019/2020,FBC TJ Lokomotiva Zdice,FBC Mobydick Praha,0,29.09.2019, PH a SČ soutěž mužů
307,257495, Petr Zahradník ,0,0,0,2019/2020,FBC TJ Lokomotiva Zdice,FBC Mobydick Praha,0,29.09.2019, PH a SČ soutěž mužů
308,260191, Aleš Martínek ,1,0,1,2019/2020,FBC Ressler boys,FBC Mobydick Praha,0,12.10.2019, PH a SČ soutěž mužů
309,260191, Petr Sukalovský ,3,0,3,2019/2020,FBC Ressler boys,FBC Mobydick Praha,1,12.10.2019, PH a SČ soutěž mužů
310,260191, Jan Jiráň ,0,0,0,2019/2020,FBC Ressler boys,FBC Mobydick Praha,0,12.10.2019, PH a SČ soutěž mužů
311,260191, Jaroslav Drahotínský ,0,0,0,2019/2020,FBC Ressler boys,FBC Mobydick Praha,0,12.10.2019, PH a SČ soutěž mužů
312,260191, Martin Bosák ,1,2,3,2019/2020,FBC Ressler boys,FBC Mobydick Praha,0,12.10.2019, PH a SČ soutěž mužů
313,260191, Tomáš Štumf ,0,0,0,2019/2020,FBC Ressler boys,FBC Mobydick Praha,0,12.10.2019, PH a SČ soutěž mužů
314,260191, Matej Kolesár ,0,0,0,2019/2020,FBC Ressler boys,FBC Mobydick Praha,0,12.10.2019, PH a SČ soutěž mužů
315,260191, Jakub Vilim ,0,0,0,2019/2020,FBC Ressler boys,FBC Mobydick Praha,0,12.10.2019, PH a SČ soutěž mužů
316,260191, Rudolf Rubáš ,0,1,1,2019/2020,FBC Ressler boys,FBC Mobydick Praha,0,12.10.2019, PH a SČ soutěž mužů
317,260191, Petr Zahradník ,0,1,1,2019/2020,FBC Ressler boys,FBC Mobydick Praha,0,12.10.2019, PH a SČ soutěž mužů
318,260184, Aleš Martínek ,0,0,0,2019/2020,Panthers Praha E,FBC Mobydick Praha,0,12.10.2019, PH a SČ soutěž mužů
319,260184, Petr Sukalovský ,3,0,3,2019/2020,Panthers Praha E,FBC Mobydick Praha,1,12.10.2019, PH a SČ soutěž mužů
320,260184, Jan Jiráň ,0,0,0,2019/2020,Panthers Praha E,FBC Mobydick Praha,0,12.10.2019, PH a SČ soutěž mužů
321,260184, Jaroslav Drahotínský ,0,0,0,2019/2020,Panthers Praha E,FBC Mobydick Praha,0,12.10.2019, PH a SČ soutěž mužů
322,260184, Martin Bosák ,2,2,4,2019/2020,Panthers Praha E,FBC Mobydick Praha,0,12.10.2019, PH a SČ soutěž mužů
323,260184, Tomáš Štumf ,0,0,0,2019/2020,Panthers Praha E,FBC Mobydick Praha,0,12.10.2019, PH a SČ soutěž mužů
324,260184, Matej Kolesár ,1,1,2,2019/2020,Panthers Praha E,FBC Mobydick Praha,0,12.10.2019, PH a SČ soutěž mužů
325,260184, Jakub Vilim ,0,0,0,2019/2020,Panthers Praha E,FBC Mobydick Praha,0,12.10.2019, PH a SČ soutěž mužů
326,260184, Rudolf Rubáš ,1,0,1,2019/2020,Panthers Praha E,FBC Mobydick Praha,0,12.10.2019, PH a SČ soutěž mužů
327,260184, Petr Zahradník ,0,2,2,2019/2020,Panthers Praha E,FBC Mobydick Praha,0,12.10.2019, PH a SČ soutěž mužů
328,261992, Aleš Martínek ,0,0,0,2019/2020,FBC Hamsters Vysočany,FBC Mobydick Praha,0,02.11.2019, PH a SČ soutěž mužů
329,261992, Petr Sukalovský ,2,0,2,2019/2020,FBC Hamsters Vysočany,FBC Mobydick Praha,0,02.11.2019, PH a SČ soutěž mužů
330,261992, Jan Jiráň ,0,0,0,2019/2020,FBC Hamsters Vysočany,FBC Mobydick Praha,0,02.11.2019, PH a SČ soutěž mužů
331,261992, Jaroslav Drahotínský ,0,0,0,2019/2020,FBC Hamsters Vysočany,FBC Mobydick Praha,0,02.11.2019, PH a SČ soutěž mužů
332,261992, Martin Bosák ,1,2,3,2019/2020,FBC Hamsters Vysočany,FBC Mobydick Praha,0,02.11.2019, PH a SČ soutěž mužů
333,261992, Tomáš Štumf ,0,0,0,2019/2020,FBC Hamsters Vysočany,FBC Mobydick Praha,0,02.11.2019, PH a SČ soutěž mužů
334,261992, Matej Kolesár ,0,0,0,2019/2020,FBC Hamsters Vysočany,FBC Mobydick Praha,0,02.11.2019, PH a SČ soutěž mužů
335,261992, Jakub Vilim ,0,0,0,2019/2020,FBC Hamsters Vysočany,FBC Mobydick Praha,0,02.11.2019, PH a SČ soutěž mužů
336,261992, Rudolf Rubáš ,0,0,0,2019/2020,FBC Hamsters Vysočany,FBC Mobydick Praha,0,02.11.2019, PH a SČ soutěž mužů
337,261992, Petr Zahradník ,0,1,1,2019/2020,FBC Hamsters Vysočany,FBC Mobydick Praha,0,02.11.2019, PH a SČ soutěž mužů
338,266168, Aleš Martínek ,1,0,1,2019/2020,Šneci z Pěšin,FBC Mobydick Praha,0,17.11.2019, PH a SČ soutěž mužů
339,266168, Šimon Smrček ,0,0,0,2019/2020,Šneci z Pěšin,FBC Mobydick Praha,0,17.11.2019, PH a SČ soutěž mužů
340,266168, Petr Sukalovský ,1,1,2,2019/2020,Šneci z Pěšin,FBC Mobydick Praha,0,17.11.2019, PH a SČ soutěž mužů
341,266168, Jan Jiráň ,0,1,1,2019/2020,Šneci z Pěšin,FBC Mobydick Praha,0,17.11.2019, PH a SČ soutěž mužů
342,266168, Jaroslav Drahotínský ,0,0,0,2019/2020,Šneci z Pěšin,FBC Mobydick Praha,0,17.11.2019, PH a SČ soutěž mužů
343,266168, Martin Bosák ,0,1,1,2019/2020,Šneci z Pěšin,FBC Mobydick Praha,0,17.11.2019, PH a SČ soutěž mužů
344,266168, Libor Hrach ,0,0,0,2019/2020,Šneci z Pěšin,FBC Mobydick Praha,0,17.11.2019, PH a SČ soutěž mužů
345,266168, Tomáš Štumf ,0,0,0,2019/2020,Šneci z Pěšin,FBC Mobydick Praha,0,17.11.2019, PH a SČ soutěž mužů
346,266168, Filip Gaberdén ,0,0,0,2019/2020,Šneci z Pěšin,FBC Mobydick Praha,0,17.11.2019, PH a SČ soutěž mužů
347,266168, Matej Kolesár ,0,0,0,2019/2020,Šneci z Pěšin,FBC Mobydick Praha,0,17.11.2019, PH a SČ soutěž mužů
348,266168, Jakub Vilim ,0,0,0,2019/2020,Šneci z Pěšin,FBC Mobydick Praha,0,17.11.2019, PH a SČ soutěž mužů
349,266168, Rudolf Rubáš ,1,0,1,2019/2020,Šneci z Pěšin,FBC Mobydick Praha,0,17.11.2019, PH a SČ soutěž mužů
350,266168, Petr Zahradník ,1,0,1,2019/2020,Šneci z Pěšin,FBC Mobydick Praha,0,17.11.2019, PH a SČ soutěž mužů
351,266163, Aleš Martínek ,1,0,1,2019/2020,SK DESPERADOS SNW B,FBC Mobydick Praha,0,17.11.2019, PH a SČ soutěž mužů
352,266163, Šimon Smrček ,0,0,0,2019/2020,SK DESPERADOS SNW B,FBC Mobydick Praha,0,17.11.2019, PH a SČ soutěž mužů
353,266163, Jan Jiráň ,0,0,0,2019/2020,SK DESPERADOS SNW B,FBC Mobydick Praha,0,17.11.2019, PH a SČ soutěž mužů
354,266163, Jaroslav Drahotínský ,0,0,0,2019/2020,SK DESPERADOS SNW B,FBC Mobydick Praha,0,17.11.2019, PH a SČ soutěž mužů
355,266163, Martin Bosák ,0,0,0,2019/2020,SK DESPERADOS SNW B,FBC Mobydick Praha,0,17.11.2019, PH a SČ soutěž mužů
356,266163, Libor Hrach ,0,0,0,2019/2020,SK DESPERADOS SNW B,FBC Mobydick Praha,0,17.11.2019, PH a SČ soutěž mužů
357,266163, Tomáš Štumf ,0,1,1,2019/2020,SK DESPERADOS SNW B,FBC Mobydick Praha,0,17.11.2019, PH a SČ soutěž mužů
358,266163, Filip Gaberdén ,0,0,0,2019/2020,SK DESPERADOS SNW B,FBC Mobydick Praha,0,17.11.2019, PH a SČ soutěž mužů
359,266163, Matej Kolesár ,0,0,0,2019/2020,SK DESPERADOS SNW B,FBC Mobydick Praha,0,17.11.2019, PH a SČ soutěž mužů
360,266163, Jakub Vilim ,0,0,0,2019/2020,SK DESPERADOS SNW B,FBC Mobydick Praha,0,17.11.2019, PH a SČ soutěž mužů
361,266163, Rudolf Rubáš ,0,0,0,2019/2020,SK DESPERADOS SNW B,FBC Mobydick Praha,0,17.11.2019, PH a SČ soutěž mužů
362,266163, Petr Zahradník ,0,0,0,2019/2020,SK DESPERADOS SNW B,FBC Mobydick Praha,0,17.11.2019, PH a SČ soutěž mužů
363,271018, Šimon Smrček ,0,1,1,2019/2020,SK Black Dragons,FBC Mobydick Praha,0,14.12.2019, PH a SČ soutěž mužů
364,271018, Jan Jiráň ,0,0,0,2019/2020,SK Black Dragons,FBC Mobydick Praha,0,14.12.2019, PH a SČ soutěž mužů
365,271018, Jaroslav Drahotínský ,0,0,0,2019/2020,SK Black Dragons,FBC Mobydick Praha,0,14.12.2019, PH a SČ soutěž mužů
366,271018, Martin Bosák ,1,0,1,2019/2020,SK Black Dragons,FBC Mobydick Praha,0,14.12.2019, PH a SČ soutěž mužů
367,271018, Libor Hrach ,0,0,0,2019/2020,SK Black Dragons,FBC Mobydick Praha,0,14.12.2019, PH a SČ soutěž mužů
368,271018, Tomáš Štumf ,1,0,1,2019/2020,SK Black Dragons,FBC Mobydick Praha,0,14.12.2019, PH a SČ soutěž mužů
369,271018, Matej Kolesár ,0,0,0,2019/2020,SK Black Dragons,FBC Mobydick Praha,0,14.12.2019, PH a SČ soutěž mužů
370,271018, David Hochman ,0,1,1,2019/2020,SK Black Dragons,FBC Mobydick Praha,0,14.12.2019, PH a SČ soutěž mužů
371,271018, Rudolf Rubáš ,1,0,1,2019/2020,SK Black Dragons,FBC Mobydick Praha,0,14.12.2019, PH a SČ soutěž mužů
372,271018, Petr Zahradník ,0,1,1,2019/2020,SK Black Dragons,FBC Mobydick Praha,0,14.12.2019, PH a SČ soutěž mužů
373,271013, Aleš Martínek ,0,0,0,2019/2020,AIK Steel Kladno B,FBC Mobydick Praha,0,14.12.2019, PH a SČ soutěž mužů
374,271013, Šimon Smrček ,0,0,0,2019/2020,AIK Steel Kladno B,FBC Mobydick Praha,0,14.12.2019, PH a SČ soutěž mužů
375,271013, Jan Jiráň ,0,0,0,2019/2020,AIK Steel Kladno B,FBC Mobydick Praha,0,14.12.2019, PH a SČ soutěž mužů
376,271013, Jaroslav Drahotínský ,1,0,1,2019/2020,AIK Steel Kladno B,FBC Mobydick Praha,0,14.12.2019, PH a SČ soutěž mužů
377,271013, Martin Bosák ,0,0,0,2019/2020,AIK Steel Kladno B,FBC Mobydick Praha,0,14.12.2019, PH a SČ soutěž mužů
378,271013, Libor Hrach ,0,0,0,2019/2020,AIK Steel Kladno B,FBC Mobydick Praha,0,14.12.2019, PH a SČ soutěž mužů
379,271013, Tomáš Štumf ,0,0,0,2019/2020,AIK Steel Kladno B,FBC Mobydick Praha,0,14.12.2019, PH a SČ soutěž mužů
380,271013, Matej Kolesár ,0,0,0,2019/2020,AIK Steel Kladno B,FBC Mobydick Praha,0,14.12.2019, PH a SČ soutěž mužů
381,271013, David Hochman ,0,1,1,2019/2020,AIK Steel Kladno B,FBC Mobydick Praha,0,14.12.2019, PH a SČ soutěž mužů
382,271013, Rudolf Rubáš ,0,0,0,2019/2020,AIK Steel Kladno B,FBC Mobydick Praha,0,14.12.2019, PH a SČ soutěž mužů
383,271013, Petr Zahradník ,0,0,0,2019/2020,AIK Steel Kladno B,FBC Mobydick Praha,0,14.12.2019, PH a SČ soutěž mužů
384,278196, Aleš Martínek ,0,0,0,2019/2020,FBC TJ Lokomotiva Zdice,FBC Mobydick Praha,0,08.02.2020, PH a SČ soutěž mužů
385,278196, Šimon Smrček ,0,0,0,2019/2020,FBC TJ Lokomotiva Zdice,FBC Mobydick Praha,0,08.02.2020, PH a SČ soutěž mužů
386,278196, Petr Sukalovský ,1,0,1,2019/2020,FBC TJ Lokomotiva Zdice,FBC Mobydick Praha,0,08.02.2020, PH a SČ soutěž mužů
387,278196, Jan Jiráň ,0,1,1,2019/2020,FBC TJ Lokomotiva Zdice,FBC Mobydick Praha,0,08.02.2020, PH a SČ soutěž mužů
388,278196, Jaroslav Drahotínský ,0,0,0,2019/2020,FBC TJ Lokomotiva Zdice,FBC Mobydick Praha,0,08.02.2020, PH a SČ soutěž mužů
389,278196, Tomáš Štumf ,0,2,2,2019/2020,FBC TJ Lokomotiva Zdice,FBC Mobydick Praha,0,08.02.2020, PH a SČ soutěž mužů
390,278196, Matej Kolesár ,0,0,0,2019/2020,FBC TJ Lokomotiva Zdice,FBC Mobydick Praha,0,08.02.2020, PH a SČ soutěž mužů
391,278196, David Hochman ,1,0,1,2019/2020,FBC TJ Lokomotiva Zdice,FBC Mobydick Praha,0,08.02.2020, PH a SČ soutěž mužů
392,278196, Jakub Vilim ,0,0,0,2019/2020,FBC TJ Lokomotiva Zdice,FBC Mobydick Praha,0,08.02.2020, PH a SČ soutěž mužů
393,278196, Rudolf Rubáš ,1,0,1,2019/2020,FBC TJ Lokomotiva Zdice,FBC Mobydick Praha,0,08.02.2020, PH a SČ soutěž mužů
394,278196, Petr Zahradník ,0,0,0,2019/2020,FBC TJ Lokomotiva Zdice,FBC Mobydick Praha,0,08.02.2020, PH a SČ soutěž mužů
395,278193, Aleš Martínek ,0,0,0,2019/2020,FBC Falcons Žižkov,FBC Mobydick Praha,0,08.02.2020, PH a SČ soutěž mužů
396,278193, Šimon Smrček ,0,0,0,2019/2020,FBC Falcons Žižkov,FBC Mobydick Praha,0,08.02.2020, PH a SČ soutěž mužů
397,278193, Petr Sukalovský ,1,0,1,2019/2020,FBC Falcons Žižkov,FBC Mobydick Praha,0,08.02.2020, PH a SČ soutěž mužů
398,278193, Jan Jiráň ,0,0,0,2019/2020,FBC Falcons Žižkov,FBC Mobydick Praha,0,08.02.2020, PH a SČ soutěž mužů
399,278193, Jaroslav Drahotínský ,0,1,1,2019/2020,FBC Falcons Žižkov,FBC Mobydick Praha,0,08.02.2020, PH a SČ soutěž mužů
400,278193, Tomáš Štumf ,0,0,0,2019/2020,FBC Falcons Žižkov,FBC Mobydick Praha,0,08.02.2020, PH a SČ soutěž mužů
401,278193, Matej Kolesár ,0,1,1,2019/2020,FBC Falcons Žižkov,FBC Mobydick Praha,0,08.02.2020, PH a SČ soutěž mužů
402,278193, David Hochman ,1,0,1,2019/2020,FBC Falcons Žižkov,FBC Mobydick Praha,0,08.02.2020, PH a SČ soutěž mužů
403,278193, Jakub Vilim ,0,0,0,2019/2020,FBC Falcons Žižkov,FBC Mobydick Praha,0,08.02.2020, PH a SČ soutěž mužů
404,278193, Rudolf Rubáš ,1,0,1,2019/2020,FBC Falcons Žižkov,FBC Mobydick Praha,0,08.02.2020, PH a SČ soutěž mužů
405,278193, Petr Zahradník ,0,0,0,2019/2020,FBC Falcons Žižkov,FBC Mobydick Praha,0,08.02.2020, PH a SČ soutěž mužů
406,284100, Aleš Martínek ,0,0,0,2020/2021,AIK Steel Kladno B,FBC Mobydick Praha,0,12.09.2020, PH a SČ soutěž mužů
407,284100, Petr Sukalovský ,1,0,1,2020/2021,AIK Steel Kladno B,FBC Mobydick Praha,0,12.09.2020, PH a SČ soutěž mužů
408,284100, Tomáš Štumf ,0,0,0,2020/2021,AIK Steel Kladno B,FBC Mobydick Praha,0,12.09.2020, PH a SČ soutěž mužů
409,284100, Jan Jiráň ,0,1,1,2020/2021,AIK Steel Kladno B,FBC Mobydick Praha,0,12.09.2020, PH a SČ soutěž mužů
410,284100, Jaroslav Drahotínský ,0,0,0,2020/2021,AIK Steel Kladno B,FBC Mobydick Praha,0,12.09.2020, PH a SČ soutěž mužů
411,284100, Martin Bosák ,1,1,2,2020/2021,AIK Steel Kladno B,FBC Mobydick Praha,0,12.09.2020, PH a SČ soutěž mužů
412,284100, Marek Pukl ,0,0,0,2020/2021,AIK Steel Kladno B,FBC Mobydick Praha,0,12.09.2020, PH a SČ soutěž mužů
413,284100, Jakub Vilim ,0,0,0,2020/2021,AIK Steel Kladno B,FBC Mobydick Praha,0,12.09.2020, PH a SČ soutěž mužů
414,284100, Rudolf Rubáš ,0,0,0,2020/2021,AIK Steel Kladno B,FBC Mobydick Praha,0,12.09.2020, PH a SČ soutěž mužů
415,284100, Petr Zahradník ,0,0,0,2020/2021,AIK Steel Kladno B,FBC Mobydick Praha,0,12.09.2020, PH a SČ soutěž mužů
416,284104, Aleš Martínek ,0,0,0,2020/2021,Blue Horses Stochov B,FBC Mobydick Praha,0,12.09.2020, PH a SČ soutěž mužů
417,284104, Petr Sukalovský ,3,1,4,2020/2021,Blue Horses Stochov B,FBC Mobydick Praha,1,12.09.2020, PH a SČ soutěž mužů
418,284104, Tomáš Štumf ,0,0,0,2020/2021,Blue Horses Stochov B,FBC Mobydick Praha,0,12.09.2020, PH a SČ soutěž mužů
419,284104, Jan Jiráň ,0,0,0,2020/2021,Blue Horses Stochov B,FBC Mobydick Praha,0,12.09.2020, PH a SČ soutěž mužů
420,284104, Jaroslav Drahotínský ,0,0,0,2020/2021,Blue Horses Stochov B,FBC Mobydick Praha,0,12.09.2020, PH a SČ soutěž mužů
421,284104, Martin Bosák ,3,2,5,2020/2021,Blue Horses Stochov B,FBC Mobydick Praha,1,12.09.2020, PH a SČ soutěž mužů
422,284104, Marek Pukl ,0,2,2,2020/2021,Blue Horses Stochov B,FBC Mobydick Praha,0,12.09.2020, PH a SČ soutěž mužů
423,284104, Petr Čermák ,0,1,1,2020/2021,Blue Horses Stochov B,FBC Mobydick Praha,0,12.09.2020, PH a SČ soutěž mužů
424,284104, Rudolf Rubáš ,0,0,0,2020/2021,Blue Horses Stochov B,FBC Mobydick Praha,0,12.09.2020, PH a SČ soutěž mužů
425,284104, Petr Zahradník ,0,0,0,2020/2021,Blue Horses Stochov B,FBC Mobydick Praha,0,12.09.2020, PH a SČ soutěž mužů
426,286056, Aleš Martínek ,1,0,1,2020/2021,Fbk Buldoci Radotín B,FBC Mobydick Praha,0,26.09.2020, PH a SČ soutěž mužů
427,286056, Petr Sukalovský ,2,1,3,2020/2021,Fbk Buldoci Radotín B,FBC Mobydick Praha,0,26.09.2020, PH a SČ soutěž mužů
428,286056, Tomáš Štumf ,0,0,0,2020/2021,Fbk Buldoci Radotín B,FBC Mobydick Praha,0,26.09.2020, PH a SČ soutěž mužů
429,286056, Jan Jiráň ,0,0,0,2020/2021,Fbk Buldoci Radotín B,FBC Mobydick Praha,0,26.09.2020, PH a SČ soutěž mužů
430,286056, Jaroslav Drahotínský ,0,1,1,2020/2021,Fbk Buldoci Radotín B,FBC Mobydick Praha,0,26.09.2020, PH a SČ soutěž mužů
431,286056, Martin Bosák ,0,2,2,2020/2021,Fbk Buldoci Radotín B,FBC Mobydick Praha,0,26.09.2020, PH a SČ soutěž mužů
432,286056, Andrej Lipan ,1,1,2,2020/2021,Fbk Buldoci Radotín B,FBC Mobydick Praha,0,26.09.2020, PH a SČ soutěž mužů
433,286056, Josef Kostelecký ,1,0,1,2020/2021,Fbk Buldoci Radotín B,FBC Mobydick Praha,0,26.09.2020, PH a SČ soutěž mužů
434,286056, Marek Pukl ,0,0,0,2020/2021,Fbk Buldoci Radotín B,FBC Mobydick Praha,0,26.09.2020, PH a SČ soutěž mužů
435,286056, Rudolf Rubáš ,0,0,0,2020/2021,Fbk Buldoci Radotín B,FBC Mobydick Praha,0,26.09.2020, PH a SČ soutěž mužů
436,286056, Petr Zahradník ,0,0,0,2020/2021,Fbk Buldoci Radotín B,FBC Mobydick Praha,0,26.09.2020, PH a SČ soutěž mužů
437,286054, Aleš Martínek ,0,0,0,2020/2021,FBC DYNAMIS B,FBC Mobydick Praha,0,26.09.2020, PH a SČ soutěž mužů
438,286054, Petr Sukalovský ,1,0,1,2020/2021,FBC DYNAMIS B,FBC Mobydick Praha,0,26.09.2020, PH a SČ soutěž mužů
439,286054, Tomáš Štumf ,0,1,1,2020/2021,FBC DYNAMIS B,FBC Mobydick Praha,0,26.09.2020, PH a SČ soutěž mužů
440,286054, Jan Jiráň ,0,0,0,2020/2021,FBC DYNAMIS B,FBC Mobydick Praha,0,26.09.2020, PH a SČ soutěž mužů
441,286054, Jaroslav Drahotínský ,0,0,0,2020/2021,FBC DYNAMIS B,FBC Mobydick Praha,0,26.09.2020, PH a SČ soutěž mužů
442,286054, Martin Bosák ,1,0,1,2020/2021,FBC DYNAMIS B,FBC Mobydick Praha,0,26.09.2020, PH a SČ soutěž mužů
443,286054, Marek Pukl ,0,1,1,2020/2021,FBC DYNAMIS B,FBC Mobydick Praha,0,26.09.2020, PH a SČ soutěž mužů
444,286054, Josef Kostelecký ,0,0,0,2020/2021,FBC DYNAMIS B,FBC Mobydick Praha,0,26.09.2020, PH a SČ soutěž mužů
445,286054, Andrej Lipan ,0,0,0,2020/2021,FBC DYNAMIS B,FBC Mobydick Praha,0,26.09.2020, PH a SČ soutěž mužů
446,286054, Rudolf Rubáš ,0,0,0,2020/2021,FBC DYNAMIS B,FBC Mobydick Praha,0,26.09.2020, PH a SČ soutěž mužů
447,286054, Petr Zahradník ,0,0,0,2020/2021,FBC DYNAMIS B,FBC Mobydick Praha,0,26.09.2020, PH a SČ soutěž mužů
448,290622, Aleš Martínek ,0,0,0,2021/2022,FBC Draci Říčany TT B,FBC Mobydick Praha,0,18.09.2021, PH a SČ soutěž mužů
449,290622, Petr Sukalovský ,0,0,0,2021/2022,FBC Draci Říčany TT B,FBC Mobydick Praha,0,18.09.2021, PH a SČ soutěž mužů
450,290622, Tomáš Štumf ,0,1,1,2021/2022,FBC Draci Říčany TT B,FBC Mobydick Praha,0,18.09.2021, PH a SČ soutěž mužů
451,290622, Jan Jiráň ,0,0,0,2021/2022,FBC Draci Říčany TT B,FBC Mobydick Praha,0,18.09.2021, PH a SČ soutěž mužů
452,290622, Andrej Lipan ,0,1,1,2021/2022,FBC Draci Říčany TT B,FBC Mobydick Praha,0,18.09.2021, PH a SČ soutěž mužů
453,290622, Libor Hrach ,0,0,0,2021/2022,FBC Draci Říčany TT B,FBC Mobydick Praha,0,18.09.2021, PH a SČ soutěž mužů
454,290622, Šimon Smrček ,0,0,0,2021/2022,FBC Draci Říčany TT B,FBC Mobydick Praha,0,18.09.2021, PH a SČ soutěž mužů
455,290622, Josef Kostelecký ,0,0,0,2021/2022,FBC Draci Říčany TT B,FBC Mobydick Praha,0,18.09.2021, PH a SČ soutěž mužů
456,290622, Marek Pukl ,1,0,1,2021/2022,FBC Draci Říčany TT B,FBC Mobydick Praha,0,18.09.2021, PH a SČ soutěž mužů
457,290622, Jakub Vilim ,0,3,3,2021/2022,FBC Draci Říčany TT B,FBC Mobydick Praha,0,18.09.2021, PH a SČ soutěž mužů
458,290622, Rudolf Rubáš ,1,0,1,2021/2022,FBC Draci Říčany TT B,FBC Mobydick Praha,0,18.09.2021, PH a SČ soutěž mužů
459,290622, Petr Zahradník ,4,0,4,2021/2022,FBC Draci Říčany TT B,FBC Mobydick Praha,1,18.09.2021, PH a SČ soutěž mužů
460,291306, Aleš Martínek ,0,0,0,2021/2022,FBC Vokovický Šavle,FBC Mobydick Praha,0,18.09.2021, PH a SČ soutěž mužů
461,291306, Petr Sukalovský ,1,0,1,2021/2022,FBC Vokovický Šavle,FBC Mobydick Praha,0,18.09.2021, PH a SČ soutěž mužů
462,291306, Tomáš Štumf ,1,0,1,2021/2022,FBC Vokovický Šavle,FBC Mobydick Praha,0,18.09.2021, PH a SČ soutěž mužů
463,291306, Jan Jiráň ,0,0,0,2021/2022,FBC Vokovický Šavle,FBC Mobydick Praha,0,18.09.2021, PH a SČ soutěž mužů
464,291306, Andrej Lipan ,0,1,1,2021/2022,FBC Vokovický Šavle,FBC Mobydick Praha,0,18.09.2021, PH a SČ soutěž mužů
465,291306, Libor Hrach ,1,0,1,2021/2022,FBC Vokovický Šavle,FBC Mobydick Praha,0,18.09.2021, PH a SČ soutěž mužů
466,291306, Šimon Smrček ,0,1,1,2021/2022,FBC Vokovický Šavle,FBC Mobydick Praha,0,18.09.2021, PH a SČ soutěž mužů
467,291306, Josef Kostelecký ,0,0,0,2021/2022,FBC Vokovický Šavle,FBC Mobydick Praha,0,18.09.2021, PH a SČ soutěž mužů
468,291306, Marek Pukl ,0,0,0,2021/2022,FBC Vokovický Šavle,FBC Mobydick Praha,0,18.09.2021, PH a SČ soutěž mužů
469,291306, Jakub Vilim ,0,1,1,2021/2022,FBC Vokovický Šavle,FBC Mobydick Praha,0,18.09.2021, PH a SČ soutěž mužů
470,291306, Rudolf Rubáš ,1,1,2,2021/2022,FBC Vokovický Šavle,FBC Mobydick Praha,0,18.09.2021, PH a SČ soutěž mužů
471,291306, Petr Zahradník ,0,0,0,2021/2022,FBC Vokovický Šavle,FBC Mobydick Praha,0,18.09.2021, PH a SČ soutěž mužů
472,294684, Aleš Martínek ,0,0,0,2021/2022,FBC Hornets Praha,FBC Mobydick Praha,0,10.10.2021, PH a SČ soutěž mužů
473,294684, Šimon Smrček ,0,0,0,2021/2022,FBC Hornets Praha,FBC Mobydick Praha,0,10.10.2021, PH a SČ soutěž mužů
474,294684, Viliam Virba ,0,0,0,2021/2022,FBC Hornets Praha,FBC Mobydick Praha,0,10.10.2021, PH a SČ soutěž mužů
475,294684, Petr Sukalovský ,1,0,1,2021/2022,FBC Hornets Praha,FBC Mobydick Praha,0,10.10.2021, PH a SČ soutěž mužů
476,294684, Tomáš Štumf ,0,1,1,2021/2022,FBC Hornets Praha,FBC Mobydick Praha,0,10.10.2021, PH a SČ soutěž mužů
477,294684, Jan Jiráň ,0,0,0,2021/2022,FBC Hornets Praha,FBC Mobydick Praha,0,10.10.2021, PH a SČ soutěž mužů
478,294684, Jaroslav Drahotínský ,0,0,0,2021/2022,FBC Hornets Praha,FBC Mobydick Praha,0,10.10.2021, PH a SČ soutěž mužů
479,294684, Martin Bosák ,0,0,0,2021/2022,FBC Hornets Praha,FBC Mobydick Praha,0,10.10.2021, PH a SČ soutěž mužů
480,294684, Libor Hrach ,1,0,1,2021/2022,FBC Hornets Praha,FBC Mobydick Praha,0,10.10.2021, PH a SČ soutěž mužů
481,294684, Andrej Lipan ,0,1,1,2021/2022,FBC Hornets Praha,FBC Mobydick Praha,0,10.10.2021, PH a SČ soutěž mužů
482,294684, Jan Novák ,0,2,2,2021/2022,FBC Hornets Praha,FBC Mobydick Praha,0,10.10.2021, PH a SČ soutěž mužů
483,294684, Marek Pukl ,2,0,2,2021/2022,FBC Hornets Praha,FBC Mobydick Praha,0,10.10.2021, PH a SČ soutěž mužů
484,294684, Jakub Vilim ,0,0,0,2021/2022,FBC Hornets Praha,FBC Mobydick Praha,0,10.10.2021, PH a SČ soutěž mužů
485,294684, Rudolf Rubáš ,0,0,0,2021/2022,FBC Hornets Praha,FBC Mobydick Praha,0,10.10.2021, PH a SČ soutěž mužů
486,294684, Petr Zahradník ,0,0,0,2021/2022,FBC Hornets Praha,FBC Mobydick Praha,0,10.10.2021, PH a SČ soutěž mužů
487,294688, Aleš Martínek ,0,0,0,2021/2022,FBC Vokovický Šavle,FBC Mobydick Praha,0,10.10.2021, PH a SČ soutěž mužů
488,294688, Šimon Smrček ,0,0,0,2021/2022,FBC Vokovický Šavle,FBC Mobydick Praha,0,10.10.2021, PH a SČ soutěž mužů
489,294688, Tomáš Virba ,0,0,0,2021/2022,FBC Vokovický Šavle,FBC Mobydick Praha,0,10.10.2021, PH a SČ soutěž mužů
490,294688, Petr Sukalovský ,2,1,3,2021/2022,FBC Vokovický Šavle,FBC Mobydick Praha,0,10.10.2021, PH a SČ soutěž mužů
491,294688, Tomáš Štumf ,1,1,2,2021/2022,FBC Vokovický Šavle,FBC Mobydick Praha,0,10.10.2021, PH a SČ soutěž mužů
492,294688, Jan Jiráň ,0,0,0,2021/2022,FBC Vokovický Šavle,FBC Mobydick Praha,0,10.10.2021, PH a SČ soutěž mužů
493,294688, Jaroslav Drahotínský ,0,0,0,2021/2022,FBC Vokovický Šavle,FBC Mobydick Praha,0,10.10.2021, PH a SČ soutěž mužů
494,294688, Martin Bosák ,3,3,6,2021/2022,FBC Vokovický Šavle,FBC Mobydick Praha,1,10.10.2021, PH a SČ soutěž mužů
495,294688, Libor Hrach ,2,0,2,2021/2022,FBC Vokovický Šavle,FBC Mobydick Praha,0,10.10.2021, PH a SČ soutěž mužů
496,294688, Andrej Lipan ,1,0,1,2021/2022,FBC Vokovický Šavle,FBC Mobydick Praha,0,10.10.2021, PH a SČ soutěž mužů
497,294688, Jan Novák ,0,1,1,2021/2022,FBC Vokovický Šavle,FBC Mobydick Praha,0,10.10.2021, PH a SČ soutěž mužů
498,294688, Marek Pukl ,0,1,1,2021/2022,FBC Vokovický Šavle,FBC Mobydick Praha,0,10.10.2021, PH a SČ soutěž mužů
499,294688, Jakub Vilim ,0,1,1,2021/2022,FBC Vokovický Šavle,FBC Mobydick Praha,0,10.10.2021, PH a SČ soutěž mužů
500,294688, Rudolf Rubáš ,1,0,1,2021/2022,FBC Vokovický Šavle,FBC Mobydick Praha,0,10.10.2021, PH a SČ soutěž mužů
501,294688, Petr Zahradník ,1,1,2,2021/2022,FBC Vokovický Šavle,FBC Mobydick Praha,0,10.10.2021, PH a SČ soutěž mužů
502,295536, Aleš Martínek ,0,1,1,2021/2022,FAT PIPE FLORBAL CHODOV D,FBC Mobydick Praha,0,30.10.2021, PH a SČ soutěž mužů
503,295536, Šimon Smrček ,0,1,1,2021/2022,FAT PIPE FLORBAL CHODOV D,FBC Mobydick Praha,0,30.10.2021, PH a SČ soutěž mužů
504,295536, Viliam Virba ,0,0,0,2021/2022,FAT PIPE FLORBAL CHODOV D,FBC Mobydick Praha,0,30.10.2021, PH a SČ soutěž mužů
505,295536, Petr Sukalovský ,1,0,1,2021/2022,FAT PIPE FLORBAL CHODOV D,FBC Mobydick Praha,0,30.10.2021, PH a SČ soutěž mužů
506,295536, Tomáš Štumf ,0,0,0,2021/2022,FAT PIPE FLORBAL CHODOV D,FBC Mobydick Praha,0,30.10.2021, PH a SČ soutěž mužů
507,295536, Jaroslav Drahotínský ,0,0,0,2021/2022,FAT PIPE FLORBAL CHODOV D,FBC Mobydick Praha,0,30.10.2021, PH a SČ soutěž mužů
508,295536, Martin Bosák ,0,0,0,2021/2022,FAT PIPE FLORBAL CHODOV D,FBC Mobydick Praha,0,30.10.2021, PH a SČ soutěž mužů
509,295536, Andrej Lipan ,0,0,0,2021/2022,FAT PIPE FLORBAL CHODOV D,FBC Mobydick Praha,0,30.10.2021, PH a SČ soutěž mužů
510,295536, Josef Kostelecký ,0,0,0,2021/2022,FAT PIPE FLORBAL CHODOV D,FBC Mobydick Praha,0,30.10.2021, PH a SČ soutěž mužů
511,295536, Marek Pukl ,1,0,1,2021/2022,FAT PIPE FLORBAL CHODOV D,FBC Mobydick Praha,0,30.10.2021, PH a SČ soutěž mužů
512,295536, Jakub Vilim ,1,0,1,2021/2022,FAT PIPE FLORBAL CHODOV D,FBC Mobydick Praha,0,30.10.2021, PH a SČ soutěž mužů
513,295536, Petr Zahradník ,0,0,0,2021/2022,FAT PIPE FLORBAL CHODOV D,FBC Mobydick Praha,0,30.10.2021, PH a SČ soutěž mužů
514,293079, Aleš Martínek ,0,0,0,2021/2022,TJ Jiskra Zruč nad Sázavou,FBC Mobydick Praha,0,30.10.2021, PH a SČ soutěž mužů
515,293079, Šimon Smrček ,0,0,0,2021/2022,TJ Jiskra Zruč nad Sázavou,FBC Mobydick Praha,0,30.10.2021, PH a SČ soutěž mužů
516,293079, Petr Sukalovský ,1,1,2,2021/2022,TJ Jiskra Zruč nad Sázavou,FBC Mobydick Praha,0,30.10.2021, PH a SČ soutěž mužů
517,293079, Tomáš Štumf ,0,0,0,2021/2022,TJ Jiskra Zruč nad Sázavou,FBC Mobydick Praha,0,30.10.2021, PH a SČ soutěž mužů
518,293079, Jaroslav Drahotínský ,0,0,0,2021/2022,TJ Jiskra Zruč nad Sázavou,FBC Mobydick Praha,0,30.10.2021, PH a SČ soutěž mužů
519,293079, Martin Bosák ,1,1,2,2021/2022,TJ Jiskra Zruč nad Sázavou,FBC Mobydick Praha,0,30.10.2021, PH a SČ soutěž mužů
520,293079, Andrej Lipan ,0,0,0,2021/2022,TJ Jiskra Zruč nad Sázavou,FBC Mobydick Praha,0,30.10.2021, PH a SČ soutěž mužů
521,293079, Josef Kostelecký ,1,0,1,2021/2022,TJ Jiskra Zruč nad Sázavou,FBC Mobydick Praha,0,30.10.2021, PH a SČ soutěž mužů
522,293079, Marek Pukl ,0,0,0,2021/2022,TJ Jiskra Zruč nad Sázavou,FBC Mobydick Praha,0,30.10.2021, PH a SČ soutěž mužů
523,293079, Jakub Vilim ,0,0,0,2021/2022,TJ Jiskra Zruč nad Sázavou,FBC Mobydick Praha,0,30.10.2021, PH a SČ soutěž mužů
524,293079, Tomáš Virba ,0,0,0,2021/2022,TJ Jiskra Zruč nad Sázavou,FBC Mobydick Praha,0,30.10.2021, PH a SČ soutěž mužů
525,293079, Petr Zahradník ,0,1,1,2021/2022,TJ Jiskra Zruč nad Sázavou,FBC Mobydick Praha,0,30.10.2021, PH a SČ soutěž mužů
526,301969, Aleš Martínek ,0,0,0,2021/2022,Vlci TATRAN Kostelec nad Č.L.,FBC Mobydick Praha,0,21.11.2021, PH a SČ soutěž mužů
527,301969, Tomáš Virba ,1,0,1,2021/2022,Vlci TATRAN Kostelec nad Č.L.,FBC Mobydick Praha,0,21.11.2021, PH a SČ soutěž mužů
528,301969, Petr Sukalovský ,1,0,1,2021/2022,Vlci TATRAN Kostelec nad Č.L.,FBC Mobydick Praha,0,21.11.2021, PH a SČ soutěž mužů
529,301969, Tomáš Štumf ,0,0,0,2021/2022,Vlci TATRAN Kostelec nad Č.L.,FBC Mobydick Praha,0,21.11.2021, PH a SČ soutěž mužů
530,301969, Jan Jiráň ,0,0,0,2021/2022,Vlci TATRAN Kostelec nad Č.L.,FBC Mobydick Praha,0,21.11.2021, PH a SČ soutěž mužů
531,301969, Martin Bosák ,2,0,2,2021/2022,Vlci TATRAN Kostelec nad Č.L.,FBC Mobydick Praha,0,21.11.2021, PH a SČ soutěž mužů
532,301969, Libor Hrach ,0,0,0,2021/2022,Vlci TATRAN Kostelec nad Č.L.,FBC Mobydick Praha,0,21.11.2021, PH a SČ soutěž mužů
533,301969, Josef Kostelecký ,0,0,0,2021/2022,Vlci TATRAN Kostelec nad Č.L.,FBC Mobydick Praha,0,21.11.2021, PH a SČ soutěž mužů
534,301969, Marek Pukl ,0,1,1,2021/2022,Vlci TATRAN Kostelec nad Č.L.,FBC Mobydick Praha,0,21.11.2021, PH a SČ soutěž mužů
535,301969, Jakub Vilim ,0,1,1,2021/2022,Vlci TATRAN Kostelec nad Č.L.,FBC Mobydick Praha,0,21.11.2021, PH a SČ soutěž mužů
536,301969, Rudolf Rubáš ,0,0,0,2021/2022,Vlci TATRAN Kostelec nad Č.L.,FBC Mobydick Praha,0,21.11.2021, PH a SČ soutěž mužů
537,301969, Petr Zahradník ,0,2,2,2021/2022,Vlci TATRAN Kostelec nad Č.L.,FBC Mobydick Praha,0,21.11.2021, PH a SČ soutěž mužů
538,301973, Aleš Martínek ,0,0,0,2021/2022,FBC YOUNG BOYS,FBC Mobydick Praha,0,21.11.2021, PH a SČ soutěž mužů
539,301973, Viliam Virba ,1,0,1,2021/2022,FBC YOUNG BOYS,FBC Mobydick Praha,0,21.11.2021, PH a SČ soutěž mužů
540,301973, Petr Sukalovský ,0,0,0,2021/2022,FBC YOUNG BOYS,FBC Mobydick Praha,0,21.11.2021, PH a SČ soutěž mužů
541,301973, Tomáš Štumf ,0,0,0,2021/2022,FBC YOUNG BOYS,FBC Mobydick Praha,0,21.11.2021, PH a SČ soutěž mužů
542,301973, Jan Jiráň ,0,0,0,2021/2022,FBC YOUNG BOYS,FBC Mobydick Praha,0,21.11.2021, PH a SČ soutěž mužů
543,301973, Martin Bosák ,1,0,1,2021/2022,FBC YOUNG BOYS,FBC Mobydick Praha,0,21.11.2021, PH a SČ soutěž mužů
544,301973, Libor Hrach ,0,0,0,2021/2022,FBC YOUNG BOYS,FBC Mobydick Praha,0,21.11.2021, PH a SČ soutěž mužů
545,301973, Josef Kostelecký ,0,1,1,2021/2022,FBC YOUNG BOYS,FBC Mobydick Praha,0,21.11.2021, PH a SČ soutěž mužů
546,301973, Marek Pukl ,0,0,0,2021/2022,FBC YOUNG BOYS,FBC Mobydick Praha,0,21.11.2021, PH a SČ soutěž mužů
547,301973, Jakub Vilim ,0,0,0,2021/2022,FBC YOUNG BOYS,FBC Mobydick Praha,0,21.11.2021, PH a SČ soutěž mužů
548,301973, Rudolf Rubáš ,0,0,0,2021/2022,FBC YOUNG BOYS,FBC Mobydick Praha,0,21.11.2021, PH a SČ soutěž mužů
549,301973, Petr Zahradník ,0,0,0,2021/2022,FBC YOUNG BOYS,FBC Mobydick Praha,0,21.11.2021, PH a SČ soutěž mužů
550,305967, Aleš Martínek ,0,0,0,2021/2022,FBC Draci Říčany TT B,FBC Mobydick Praha,0,12.12.2021, PH a SČ soutěž mužů
551,305967, Tomáš Virba ,0,1,1,2021/2022,FBC Draci Říčany TT B,FBC Mobydick Praha,0,12.12.2021, PH a SČ soutěž mužů
552,305967, Petr Sukalovský ,2,0,2,2021/2022,FBC Draci Říčany TT B,FBC Mobydick Praha,0,12.12.2021, PH a SČ soutěž mužů
553,305967, Tomáš Štumf ,0,0,0,2021/2022,FBC Draci Říčany TT B,FBC Mobydick Praha,0,12.12.2021, PH a SČ soutěž mužů
554,305967, Jan Jiráň ,0,0,0,2021/2022,FBC Draci Říčany TT B,FBC Mobydick Praha,0,12.12.2021, PH a SČ soutěž mužů
555,305967, Jaroslav Drahotínský ,0,0,0,2021/2022,FBC Draci Říčany TT B,FBC Mobydick Praha,0,12.12.2021, PH a SČ soutěž mužů
556,305967, Martin Bosák ,0,2,2,2021/2022,FBC Draci Říčany TT B,FBC Mobydick Praha,0,12.12.2021, PH a SČ soutěž mužů
557,305967, Libor Hrach ,0,0,0,2021/2022,FBC Draci Říčany TT B,FBC Mobydick Praha,0,12.12.2021, PH a SČ soutěž mužů
558,305967, Andrej Lipan ,0,0,0,2021/2022,FBC Draci Říčany TT B,FBC Mobydick Praha,0,12.12.2021, PH a SČ soutěž mužů
559,305967, Josef Kostelecký ,0,0,0,2021/2022,FBC Draci Říčany TT B,FBC Mobydick Praha,0,12.12.2021, PH a SČ soutěž mužů
560,305967, Marek Pukl ,1,0,1,2021/2022,FBC Draci Říčany TT B,FBC Mobydick Praha,0,12.12.2021, PH a SČ soutěž mužů
561,305967, Petr Zahradník ,0,0,0,2021/2022,FBC Draci Říčany TT B,FBC Mobydick Praha,0,12.12.2021, PH a SČ soutěž mužů
562,305979, Viliam Virba ,0,0,0,2021/2022,FbK Neveklov,FBC Mobydick Praha,0,12.12.2021, PH a SČ soutěž mužů
563,305979, Petr Sukalovský ,1,0,1,2021/2022,FbK Neveklov,FBC Mobydick Praha,0,12.12.2021, PH a SČ soutěž mužů
564,305979, Tomáš Štumf ,0,1,1,2021/2022,FbK Neveklov,FBC Mobydick Praha,0,12.12.2021, PH a SČ soutěž mužů
565,305979, Jan Jiráň ,0,0,0,2021/2022,FbK Neveklov,FBC Mobydick Praha,0,12.12.2021, PH a SČ soutěž mužů
566,305979, Jaroslav Drahotínský ,0,0,0,2021/2022,FbK Neveklov,FBC Mobydick Praha,0,12.12.2021, PH a SČ soutěž mužů
567,305979, Martin Bosák ,1,1,2,2021/2022,FbK Neveklov,FBC Mobydick Praha,0,12.12.2021, PH a SČ soutěž mužů
568,305979, Libor Hrach ,0,0,0,2021/2022,FbK Neveklov,FBC Mobydick Praha,0,12.12.2021, PH a SČ soutěž mužů
569,305979, Andrej Lipan ,0,0,0,2021/2022,FbK Neveklov,FBC Mobydick Praha,0,12.12.2021, PH a SČ soutěž mužů
570,305979, Josef Kostelecký ,0,0,0,2021/2022,FbK Neveklov,FBC Mobydick Praha,0,12.12.2021, PH a SČ soutěž mužů
571,305979, Marek Pukl ,1,0,1,2021/2022,FbK Neveklov,FBC Mobydick Praha,0,12.12.2021, PH a SČ soutěž mužů
572,305979, Petr Zahradník ,0,0,0,2021/2022,FbK Neveklov,FBC Mobydick Praha,0,12.12.2021, PH a SČ soutěž mužů
573,308725, Aleš Martínek ,0,0,0,2021/2022,FAT PIPE FLORBAL CHODOV D,FBC Mobydick Praha,0,08.01.2022, PH a SČ soutěž mužů
574,308725, Šimon Smrček ,0,0,0,2021/2022,FAT PIPE FLORBAL CHODOV D,FBC Mobydick Praha,0,08.01.2022, PH a SČ soutěž mužů
575,308725, Andrej Lipan ,0,0,0,2021/2022,FAT PIPE FLORBAL CHODOV D,FBC Mobydick Praha,0,08.01.2022, PH a SČ soutěž mužů
576,308725, Petr Sukalovský ,1,0,1,2021/2022,FAT PIPE FLORBAL CHODOV D,FBC Mobydick Praha,0,08.01.2022, PH a SČ soutěž mužů
577,308725, Tomáš Štumf ,1,0,1,2021/2022,FAT PIPE FLORBAL CHODOV D,FBC Mobydick Praha,0,08.01.2022, PH a SČ soutěž mužů
578,308725, Jan Jiráň ,0,0,0,2021/2022,FAT PIPE FLORBAL CHODOV D,FBC Mobydick Praha,0,08.01.2022, PH a SČ soutěž mužů
579,308725, Jaroslav Drahotínský ,0,0,0,2021/2022,FAT PIPE FLORBAL CHODOV D,FBC Mobydick Praha,0,08.01.2022, PH a SČ soutěž mužů
580,308725, Libor Hrach ,0,0,0,2021/2022,FAT PIPE FLORBAL CHODOV D,FBC Mobydick Praha,0,08.01.2022, PH a SČ soutěž mužů
581,308725, Josef Kostelecký ,0,0,0,2021/2022,FAT PIPE FLORBAL CHODOV D,FBC Mobydick Praha,0,08.01.2022, PH a SČ soutěž mužů
582,308725, Marek Pukl ,0,0,0,2021/2022,FAT PIPE FLORBAL CHODOV D,FBC Mobydick Praha,0,08.01.2022, PH a SČ soutěž mužů
583,308725, Petr Zahradník ,0,0,0,2021/2022,FAT PIPE FLORBAL CHODOV D,FBC Mobydick Praha,0,08.01.2022, PH a SČ soutěž mužů
584,308734, Aleš Martínek ,2,0,2,2021/2022,TJ Jiskra Zruč nad Sázavou,FBC Mobydick Praha,0,08.01.2022, PH a SČ soutěž mužů
585,308734, Šimon Smrček ,0,0,0,2021/2022,TJ Jiskra Zruč nad Sázavou,FBC Mobydick Praha,0,08.01.2022, PH a SČ soutěž mužů
586,308734, Andrej Lipan ,0,2,2,2021/2022,TJ Jiskra Zruč nad Sázavou,FBC Mobydick Praha,0,08.01.2022, PH a SČ soutěž mužů
587,308734, Petr Sukalovský ,3,1,4,2021/2022,TJ Jiskra Zruč nad Sázavou,FBC Mobydick Praha,1,08.01.2022, PH a SČ soutěž mužů
588,308734, Tomáš Štumf ,0,0,0,2021/2022,TJ Jiskra Zruč nad Sázavou,FBC Mobydick Praha,0,08.01.2022, PH a SČ soutěž mužů
589,308734, Jan Jiráň ,0,1,1,2021/2022,TJ Jiskra Zruč nad Sázavou,FBC Mobydick Praha,0,08.01.2022, PH a SČ soutěž mužů
590,308734, Jaroslav Drahotínský ,0,0,0,2021/2022,TJ Jiskra Zruč nad Sázavou,FBC Mobydick Praha,0,08.01.2022, PH a SČ soutěž mužů
591,308734, Martin Bosák ,1,2,3,2021/2022,TJ Jiskra Zruč nad Sázavou,FBC Mobydick Praha,0,08.01.2022, PH a SČ soutěž mužů
592,308734, Libor Hrach ,1,0,1,2021/2022,TJ Jiskra Zruč nad Sázavou,FBC Mobydick Praha,0,08.01.2022, PH a SČ soutěž mužů
593,308734, Petr Čermák ,0,0,0,2021/2022,TJ Jiskra Zruč nad Sázavou,FBC Mobydick Praha,0,08.01.2022, PH a SČ soutěž mužů
594,308734, Josef Kostelecký ,1,0,1,2021/2022,TJ Jiskra Zruč nad Sázavou,FBC Mobydick Praha,0,08.01.2022, PH a SČ soutěž mužů
595,308734, Marek Pukl ,0,0,0,2021/2022,TJ Jiskra Zruč nad Sázavou,FBC Mobydick Praha,0,08.01.2022, PH a SČ soutěž mužů
596,308734, Rudolf Rubáš ,0,0,0,2021/2022,TJ Jiskra Zruč nad Sázavou,FBC Mobydick Praha,0,08.01.2022, PH a SČ soutěž mužů
597,308734, Petr Zahradník ,1,1,2,2021/2022,TJ Jiskra Zruč nad Sázavou,FBC Mobydick Praha,0,08.01.2022, PH a SČ soutěž mužů
598,311143, Aleš Martínek ,1,0,1,2021/2022,J.B.M. Praha,FBC Mobydick Praha,0,22.01.2022, PH a SČ soutěž mužů
599,311143, Šimon Smrček ,0,0,0,2021/2022,J.B.M. Praha,FBC Mobydick Praha,0,22.01.2022, PH a SČ soutěž mužů
600,311143, Andrej Lipan ,1,0,1,2021/2022,J.B.M. Praha,FBC Mobydick Praha,0,22.01.2022, PH a SČ soutěž mužů
601,311143, Petr Sukalovský ,1,0,1,2021/2022,J.B.M. Praha,FBC Mobydick Praha,0,22.01.2022, PH a SČ soutěž mužů
602,311143, Tomáš Štumf ,0,1,1,2021/2022,J.B.M. Praha,FBC Mobydick Praha,0,22.01.2022, PH a SČ soutěž mužů
603,311143, Jan Jiráň ,1,0,1,2021/2022,J.B.M. Praha,FBC Mobydick Praha,0,22.01.2022, PH a SČ soutěž mužů
604,311143, Martin Bosák ,0,1,1,2021/2022,J.B.M. Praha,FBC Mobydick Praha,0,22.01.2022, PH a SČ soutěž mužů
605,311143, Libor Hrach ,0,0,0,2021/2022,J.B.M. Praha,FBC Mobydick Praha,0,22.01.2022, PH a SČ soutěž mužů
606,311143, Josef Kostelecký ,1,2,3,2021/2022,J.B.M. Praha,FBC Mobydick Praha,0,22.01.2022, PH a SČ soutěž mužů
607,311143, Marek Pukl ,1,1,2,2021/2022,J.B.M. Praha,FBC Mobydick Praha,0,22.01.2022, PH a SČ soutěž mužů
608,311143, Jakub Vilim ,0,0,0,2021/2022,J.B.M. Praha,FBC Mobydick Praha,0,22.01.2022, PH a SČ soutěž mužů
609,311143, Rudolf Rubáš ,1,0,1,2021/2022,J.B.M. Praha,FBC Mobydick Praha,0,22.01.2022, PH a SČ soutěž mužů
610,311143, Petr Zahradník ,0,0,0,2021/2022,J.B.M. Praha,FBC Mobydick Praha,0,22.01.2022, PH a SČ soutěž mužů
611,311148, Aleš Martínek ,1,0,1,2021/2022,FbK Neveklov,FBC Mobydick Praha,0,22.01.2022, PH a SČ soutěž mužů
612,311148, Šimon Smrček ,1,1,2,2021/2022,FbK Neveklov,FBC Mobydick Praha,0,22.01.2022, PH a SČ soutěž mužů
613,311148, Andrej Lipan ,0,0,0,2021/2022,FbK Neveklov,FBC Mobydick Praha,0,22.01.2022, PH a SČ soutěž mužů
614,311148, Petr Sukalovský ,3,0,3,2021/2022,FbK Neveklov,FBC Mobydick Praha,1,22.01.2022, PH a SČ soutěž mužů
615,311148, Tomáš Štumf ,0,0,0,2021/2022,FbK Neveklov,FBC Mobydick Praha,0,22.01.2022, PH a SČ soutěž mužů
616,311148, Jan Jiráň ,0,1,1,2021/2022,FbK Neveklov,FBC Mobydick Praha,0,22.01.2022, PH a SČ soutěž mužů
617,311148, Martin Bosák ,1,2,3,2021/2022,FbK Neveklov,FBC Mobydick Praha,0,22.01.2022, PH a SČ soutěž mužů
618,311148, Libor Hrach ,0,0,0,2021/2022,FbK Neveklov,FBC Mobydick Praha,0,22.01.2022, PH a SČ soutěž mužů
619,311148, Josef Kostelecký ,0,2,2,2021/2022,FbK Neveklov,FBC Mobydick Praha,0,22.01.2022, PH a SČ soutěž mužů
620,311148, Marek Pukl ,0,1,1,2021/2022,FbK Neveklov,FBC Mobydick Praha,0,22.01.2022, PH a SČ soutěž mužů
621,311148, Jakub Vilim ,0,0,0,2021/2022,FbK Neveklov,FBC Mobydick Praha,0,22.01.2022, PH a SČ soutěž mužů
622,311148, Rudolf Rubáš ,1,0,1,2021/2022,FbK Neveklov,FBC Mobydick Praha,0,22.01.2022, PH a SČ soutěž mužů
623,311148, Petr Zahradník ,1,0,1,2021/2022,FbK Neveklov,FBC Mobydick Praha,0,22.01.2022, PH a SČ soutěž mužů
624,314037, Aleš Martínek ,0,0,0,2021/2022,TEXAS LONGHORNS B,FBC Mobydick Praha,0,13.02.2022, PH a SČ soutěž mužů
625,314037, Šimon Smrček ,0,0,0,2021/2022,TEXAS LONGHORNS B,FBC Mobydick Praha,0,13.02.2022, PH a SČ soutěž mužů
626,314037, Andrej Lipan ,0,0,0,2021/2022,TEXAS LONGHORNS B,FBC Mobydick Praha,0,13.02.2022, PH a SČ soutěž mužů
627,314037, Petr Sukalovský ,1,0,1,2021/2022,TEXAS LONGHORNS B,FBC Mobydick Praha,0,13.02.2022, PH a SČ soutěž mužů
628,314037, Tomáš Štumf ,1,0,1,2021/2022,TEXAS LONGHORNS B,FBC Mobydick Praha,0,13.02.2022, PH a SČ soutěž mužů
629,314037, Jan Jiráň ,0,1,1,2021/2022,TEXAS LONGHORNS B,FBC Mobydick Praha,0,13.02.2022, PH a SČ soutěž mužů
630,314037, Jaroslav Drahotínský ,0,0,0,2021/2022,TEXAS LONGHORNS B,FBC Mobydick Praha,0,13.02.2022, PH a SČ soutěž mužů
631,314037, Martin Bosák ,2,0,2,2021/2022,TEXAS LONGHORNS B,FBC Mobydick Praha,0,13.02.2022, PH a SČ soutěž mužů
632,314037, Libor Hrach ,0,0,0,2021/2022,TEXAS LONGHORNS B,FBC Mobydick Praha,0,13.02.2022, PH a SČ soutěž mužů
633,314037, Josef Kostelecký ,0,0,0,2021/2022,TEXAS LONGHORNS B,FBC Mobydick Praha,0,13.02.2022, PH a SČ soutěž mužů
634,314037, Marek Pukl ,0,0,0,2021/2022,TEXAS LONGHORNS B,FBC Mobydick Praha,0,13.02.2022, PH a SČ soutěž mužů
635,314037, Jakub Vilim ,0,0,0,2021/2022,TEXAS LONGHORNS B,FBC Mobydick Praha,0,13.02.2022, PH a SČ soutěž mužů
636,314037, Rudolf Rubáš ,0,0,0,2021/2022,TEXAS LONGHORNS B,FBC Mobydick Praha,0,13.02.2022, PH a SČ soutěž mužů
637,314037, Petr Zahradník ,0,1,1,2021/2022,TEXAS LONGHORNS B,FBC Mobydick Praha,0,13.02.2022, PH a SČ soutěž mužů
