,Id,Player,G,A,PTS,Season,Team_against,Team_for
0,132643,2 Michal Lebeda (O),1,2,3,2015/2016,FBC Penguins Praha,Florbal Riders
1,132643,7 Pavel Špirit (U),2,0,2,2015/2016,FBC Penguins Praha,Florbal Riders
2,132643,9 Jan Vítkovský (U),2,0,2,2015/2016,FBC Penguins Praha,Florbal Riders
3,132643,11 Jakub Chvojka (U),2,0,2,2015/2016,FBC Penguins Praha,Florbal Riders
4,132643,15 Lukáš Mašek (U),0,0,0,2015/2016,FBC Penguins Praha,Florbal Riders
5,132643,21 Jaroslav Rendla (U),0,1,1,2015/2016,FBC Penguins Praha,Florbal Riders
6,132643,69 Juraj Michajlov (U),0,0,0,2015/2016,FBC Penguins Praha,Florbal Riders
7,132643,76 Jiří Machala (U),0,0,0,2015/2016,FBC Penguins Praha,Florbal Riders
8,132643,77 Petr Brtek (U),0,0,0,2015/2016,FBC Penguins Praha,Florbal Riders
9,132643,79 Tomáš Karbusický (U),0,0,0,2015/2016,FBC Penguins Praha,Florbal Riders
10,132643,92 Jiří Krotký (U),0,1,1,2015/2016,FBC Penguins Praha,Florbal Riders
11,132643,99 Tomáš Hruška (U),0,0,0,2015/2016,FBC Penguins Praha,Florbal Riders
0,132644,2 Petr Rosička (U),1,0,1,2015/2016,FBC Penguins Praha,FBC JELENI UNHOŠŤ B
1,132644,4 Jindřich Hanousek (U),2,2,4,2015/2016,FBC Penguins Praha,FBC JELENI UNHOŠŤ B
2,132644,13 Jan Lintymer (U),3,2,5,2015/2016,FBC Penguins Praha,FBC JELENI UNHOŠŤ B
3,132644,14 Martin Jonák (U),0,0,0,2015/2016,FBC Penguins Praha,FBC JELENI UNHOŠŤ B
4,132644,41 Zdeněk Fryš (U),1,1,2,2015/2016,FBC Penguins Praha,FBC JELENI UNHOŠŤ B
5,132644,55 Matěj Hrdlička (U),0,0,0,2015/2016,FBC Penguins Praha,FBC JELENI UNHOŠŤ B
0,133941,3 Mikuláš Žížala (U),0,0,0,2015/2016,FBC Penguins Praha,"FBC Young Boys ""B"""
1,133941,7 Jan Trnka (U),0,0,0,2015/2016,FBC Penguins Praha,"FBC Young Boys ""B"""
2,133941,9 Martin Matějček (U),0,0,0,2015/2016,FBC Penguins Praha,"FBC Young Boys ""B"""
3,133941,14 Lukáš Boublík (U),0,0,0,2015/2016,FBC Penguins Praha,"FBC Young Boys ""B"""
4,133941,16 Jaroslav Hluší (U),1,0,1,2015/2016,FBC Penguins Praha,"FBC Young Boys ""B"""
5,133941,17 Vojtěch Stárek (U),0,0,0,2015/2016,FBC Penguins Praha,"FBC Young Boys ""B"""
6,133941,20 Robert Taussig (U),0,1,1,2015/2016,FBC Penguins Praha,"FBC Young Boys ""B"""
7,133941,23 Jakub Rohlík (U),0,0,0,2015/2016,FBC Penguins Praha,"FBC Young Boys ""B"""
8,133941,24 Petr Sváda (U),0,0,0,2015/2016,FBC Penguins Praha,"FBC Young Boys ""B"""
9,133941,28 Martin Šudoma (U),0,0,0,2015/2016,FBC Penguins Praha,"FBC Young Boys ""B"""
10,133941,47 Petr Dvořák (U),0,0,0,2015/2016,FBC Penguins Praha,"FBC Young Boys ""B"""
11,133941,68 Tadeáš Bohatec (U),0,0,0,2015/2016,FBC Penguins Praha,"FBC Young Boys ""B"""
0,133943,16 Tomáš Hájek (U),0,1,1,2015/2016,FBC Penguins Praha,FBC Kralupy n/V C
1,133943,17 Josef Kučera (U),1,3,4,2015/2016,FBC Penguins Praha,FBC Kralupy n/V C
2,133943,18 David Blahoš (U),4,4,8,2015/2016,FBC Penguins Praha,FBC Kralupy n/V C
3,133943,20 Martin Dragoun (U),1,0,1,2015/2016,FBC Penguins Praha,FBC Kralupy n/V C
4,133943,25 Vladislav Kučera (U),0,0,0,2015/2016,FBC Penguins Praha,FBC Kralupy n/V C
5,133943,71 Daniel Knopp (U),3,0,3,2015/2016,FBC Penguins Praha,FBC Kralupy n/V C
6,133943,88 Marek Kuneš (U),2,1,3,2015/2016,FBC Penguins Praha,FBC Kralupy n/V C
0,136045,5 Jan Prušák (U),0,1,1,2015/2016,FBC Penguins Praha,IBK Kubánský Klan C
1,136045,9 Michal Kuruc (U),0,0,0,2015/2016,FBC Penguins Praha,IBK Kubánský Klan C
2,136045,12 Jan Paulovič (U),1,1,2,2015/2016,FBC Penguins Praha,IBK Kubánský Klan C
3,136045,19 Petr Kohout (U),2,0,2,2015/2016,FBC Penguins Praha,IBK Kubánský Klan C
4,136045,28 David Haring (U),0,0,0,2015/2016,FBC Penguins Praha,IBK Kubánský Klan C
5,136045,32 Petr Kaša (U),0,0,0,2015/2016,FBC Penguins Praha,IBK Kubánský Klan C
6,136045,33 Tomáš Kriebel (U),0,0,0,2015/2016,FBC Penguins Praha,IBK Kubánský Klan C
7,136045,87 Jan Nejedlý (U),0,0,0,2015/2016,FBC Penguins Praha,IBK Kubánský Klan C
8,136045,88 Lukáš Bozděch (U),0,0,0,2015/2016,FBC Penguins Praha,IBK Kubánský Klan C
9,136045,90 Pavel Kohout (U),0,0,0,2015/2016,FBC Penguins Praha,IBK Kubánský Klan C
0,136061,2 Vítek Moučka (U),0,1,1,2015/2016,FBC Penguins Praha,FBC Slavia Praha B
1,136061,8 Karel Hirsch (U),0,0,0,2015/2016,FBC Penguins Praha,FBC Slavia Praha B
2,136061,22 Filip Hubáček (U),2,0,2,2015/2016,FBC Penguins Praha,FBC Slavia Praha B
3,136061,23 Alexandr Mostýn (U),2,0,2,2015/2016,FBC Penguins Praha,FBC Slavia Praha B
4,136061,33 Jakub Novotný (U),0,1,1,2015/2016,FBC Penguins Praha,FBC Slavia Praha B
5,136061,38 Ondřej Hodan (U),0,0,0,2015/2016,FBC Penguins Praha,FBC Slavia Praha B
6,136061,66 Daniel Frič (O),1,2,3,2015/2016,FBC Penguins Praha,FBC Slavia Praha B
7,136061,81 Karel Němec (U),0,2,2,2015/2016,FBC Penguins Praha,FBC Slavia Praha B
8,136061,86 Václav Měchura (U),2,0,2,2015/2016,FBC Penguins Praha,FBC Slavia Praha B
9,136061,88 Jakub Puciow (U),1,1,2,2015/2016,FBC Penguins Praha,FBC Slavia Praha B
10,136061,91 Pavel Dušek (U),0,0,0,2015/2016,FBC Penguins Praha,FBC Slavia Praha B
11,136061,98 Jan Horyna (U),0,0,0,2015/2016,FBC Penguins Praha,FBC Slavia Praha B
0,138158,3 Petr Jeništa (U),0,0,0,2015/2016,FBC Penguins Praha,CRPA B Prague Amigos
1,138158,6 Petr Burda (U),0,0,0,2015/2016,FBC Penguins Praha,CRPA B Prague Amigos
2,138158,7 Tomáš Ovčáčík (U),3,0,3,2015/2016,FBC Penguins Praha,CRPA B Prague Amigos
3,138158,8 Ondřej Šafář (U),0,2,2,2015/2016,FBC Penguins Praha,CRPA B Prague Amigos
4,138158,9 Jan Štička (U),1,1,2,2015/2016,FBC Penguins Praha,CRPA B Prague Amigos
5,138158,10 Miroslav Zbořilák (U),1,3,4,2015/2016,FBC Penguins Praha,CRPA B Prague Amigos
6,138158,13 Tomáš Badin (U),1,1,2,2015/2016,FBC Penguins Praha,CRPA B Prague Amigos
7,138158,17 Štěpán Ulver (U),0,0,0,2015/2016,FBC Penguins Praha,CRPA B Prague Amigos
8,138158,18 Jan Štorek (U),1,0,1,2015/2016,FBC Penguins Praha,CRPA B Prague Amigos
9,138158,25 Jan Bárta (U),0,0,0,2015/2016,FBC Penguins Praha,CRPA B Prague Amigos
10,138158,27 Michal Vondra (O),0,0,0,2015/2016,FBC Penguins Praha,CRPA B Prague Amigos
11,138158,49 Petr Veselý (U),1,0,1,2015/2016,FBC Penguins Praha,CRPA B Prague Amigos
0,138161,2 František Doležal (U),0,0,0,2015/2016,FBC Penguins Praha,TJ Sokol Dobříš B
1,138161,4 Vojtěch Šrein (U),1,0,1,2015/2016,FBC Penguins Praha,TJ Sokol Dobříš B
2,138161,5 Evžen Teringl (U),0,2,2,2015/2016,FBC Penguins Praha,TJ Sokol Dobříš B
3,138161,6 Petr Veselý (U),0,0,0,2015/2016,FBC Penguins Praha,TJ Sokol Dobříš B
4,138161,7 Roman Šebek (U),0,1,1,2015/2016,FBC Penguins Praha,TJ Sokol Dobříš B
5,138161,8 Marek Šíp (U),0,1,1,2015/2016,FBC Penguins Praha,TJ Sokol Dobříš B
6,138161,9 Vladimír Drnec (U),1,0,1,2015/2016,FBC Penguins Praha,TJ Sokol Dobříš B
7,138161,10 Jaroslav Šimek (U),0,1,1,2015/2016,FBC Penguins Praha,TJ Sokol Dobříš B
8,138161,11 Vít Bohata (U),1,1,2,2015/2016,FBC Penguins Praha,TJ Sokol Dobříš B
9,138161,12 Jakub Brabec (U),1,0,1,2015/2016,FBC Penguins Praha,TJ Sokol Dobříš B
10,138161,13 Dominik Bouček (U),0,0,0,2015/2016,FBC Penguins Praha,TJ Sokol Dobříš B
11,138161,14 Michal Kolář (U),1,0,1,2015/2016,FBC Penguins Praha,TJ Sokol Dobříš B
12,138161,18 Pavel Popek (U),1,0,1,2015/2016,FBC Penguins Praha,TJ Sokol Dobříš B
0,139413,7 Martin Libecajt (U),0,1,1,2015/2016,FBC Penguins Praha,FBC Atomovky
1,139413,9 Tomáš Ostravský (U),0,0,0,2015/2016,FBC Penguins Praha,FBC Atomovky
2,139413,15 David Schneider (U),3,2,5,2015/2016,FBC Penguins Praha,FBC Atomovky
3,139413,17 Jakub Neradil (U),1,0,1,2015/2016,FBC Penguins Praha,FBC Atomovky
4,139413,20 Jan Hejcman (O),0,0,0,2015/2016,FBC Penguins Praha,FBC Atomovky
5,139413,22 Jan Vršek (U),3,0,3,2015/2016,FBC Penguins Praha,FBC Atomovky
6,139413,23 Jiří Neradil (U),1,2,3,2015/2016,FBC Penguins Praha,FBC Atomovky
7,139413,27 Štěpán Sládek (O),0,0,0,2015/2016,FBC Penguins Praha,FBC Atomovky
8,139413,81 Jakub Šíma (U),2,5,7,2015/2016,FBC Penguins Praha,FBC Atomovky
0,139432,13 Martin Hanek (U),0,2,2,2015/2016,FBC Penguins Praha,TJ Kyje
1,139432,19 Daniel Štráchal (U),2,0,2,2015/2016,FBC Penguins Praha,TJ Kyje
2,139432,21 Jiří Koutník (U),0,0,0,2015/2016,FBC Penguins Praha,TJ Kyje
3,139432,22 Bohuslav Bek (U),0,0,0,2015/2016,FBC Penguins Praha,TJ Kyje
4,139432,44 Tomáš Svoboda (U),1,1,2,2015/2016,FBC Penguins Praha,TJ Kyje
5,139432,73 Jakub Hokr (U),0,1,1,2015/2016,FBC Penguins Praha,TJ Kyje
6,139432,75 Jakub Kaštánek (U),2,0,2,2015/2016,FBC Penguins Praha,TJ Kyje
7,139432,77 Martin Chýle (U),4,2,6,2015/2016,FBC Penguins Praha,TJ Kyje
8,139432,88 Tomáš Koudelka (U),0,2,2,2015/2016,FBC Penguins Praha,TJ Kyje
9,139432,94 Petr Chýle (U),3,3,6,2015/2016,FBC Penguins Praha,TJ Kyje
0,142369,6 Jiří Nekvasil (U),0,0,0,2015/2016,FBC Penguins Praha,Athletics Praha D
1,142369,7 Zbyněk Prokšan (U),4,1,5,2015/2016,FBC Penguins Praha,Athletics Praha D
2,142369,16 Marek Kolařík (U),0,1,1,2015/2016,FBC Penguins Praha,Athletics Praha D
3,142369,19 Bohuslav Novák (U),1,3,4,2015/2016,FBC Penguins Praha,Athletics Praha D
4,142369,30 Adam Kronberger (U),0,1,1,2015/2016,FBC Penguins Praha,Athletics Praha D
5,142369,44 Michal Nechanický (U),1,2,3,2015/2016,FBC Penguins Praha,Athletics Praha D
6,142369,48 Patrik Mesiereur (U),2,0,2,2015/2016,FBC Penguins Praha,Athletics Praha D
7,142369,87 Viktor Matuna (U),0,0,0,2015/2016,FBC Penguins Praha,Athletics Praha D
8,142369,89 Milan Vřešťál (U),0,1,1,2015/2016,FBC Penguins Praha,Athletics Praha D
9,142369,98 Matěj Soukup (O),1,0,1,2015/2016,FBC Penguins Praha,Athletics Praha D
0,142372,11 Josef Kučera (U),1,1,2,2015/2016,FBC Penguins Praha,FBC Kralupy n/V C
1,142372,15 Jan Kaňka (U),0,2,2,2015/2016,FBC Penguins Praha,FBC Kralupy n/V C
2,142372,16 Tomáš Hájek (U),0,0,0,2015/2016,FBC Penguins Praha,FBC Kralupy n/V C
3,142372,68 Marek Frey (U),1,0,1,2015/2016,FBC Penguins Praha,FBC Kralupy n/V C
4,142372,88 Marek Kuneš (U),1,0,1,2015/2016,FBC Penguins Praha,FBC Kralupy n/V C
5,142372,99 Vladimír Pagáč (U),0,0,0,2015/2016,FBC Penguins Praha,FBC Kralupy n/V C
0,144132,4 David Östereicher (U),0,0,0,2015/2016,FBC Penguins Praha,Gladiátor Team Beroun B
1,144132,13 Václav Östereicher (U),0,0,0,2015/2016,FBC Penguins Praha,Gladiátor Team Beroun B
2,144132,15 Jiří Hrabár (U),1,1,2,2015/2016,FBC Penguins Praha,Gladiátor Team Beroun B
3,144132,16 Radim Onderka (U),4,0,4,2015/2016,FBC Penguins Praha,Gladiátor Team Beroun B
4,144132,18 Martin Váňa (U),0,0,0,2015/2016,FBC Penguins Praha,Gladiátor Team Beroun B
5,144132,21 Marek Toráč (U),0,2,2,2015/2016,FBC Penguins Praha,Gladiátor Team Beroun B
6,144132,23 Lukáš Žiga (U),0,0,0,2015/2016,FBC Penguins Praha,Gladiátor Team Beroun B
7,144132,44 Martin Östereicher (U),0,0,0,2015/2016,FBC Penguins Praha,Gladiátor Team Beroun B
8,144132,77 Ondřej Vaněček (U),0,0,0,2015/2016,FBC Penguins Praha,Gladiátor Team Beroun B
9,144132,97 Jakub Smíšek (U),0,0,0,2015/2016,FBC Penguins Praha,Gladiátor Team Beroun B
0,144134,2 Vítek Moučka (U),2,1,3,2015/2016,FBC Penguins Praha,FBC Slavia Praha B
1,144134,4 Dominik Hlaváček (U),0,0,0,2015/2016,FBC Penguins Praha,FBC Slavia Praha B
2,144134,7 Lukáš Rusanov (U),1,2,3,2015/2016,FBC Penguins Praha,FBC Slavia Praha B
3,144134,23 Alexandr Mostýn (U),2,1,3,2015/2016,FBC Penguins Praha,FBC Slavia Praha B
4,144134,38 Ondřej Hodan (U),2,0,2,2015/2016,FBC Penguins Praha,FBC Slavia Praha B
5,144134,81 Karel Němec (U),0,2,2,2015/2016,FBC Penguins Praha,FBC Slavia Praha B
6,144134,86 Václav Měchura (U),0,0,0,2015/2016,FBC Penguins Praha,FBC Slavia Praha B
0,145416,2 Ivo Bárta (O),1,0,1,2015/2016,FBC Penguins Praha,CRPA B Prague Amigos
1,145416,3 Petr Jeništa (O),0,0,0,2015/2016,FBC Penguins Praha,CRPA B Prague Amigos
2,145416,6 Petr Burda (U),0,0,0,2015/2016,FBC Penguins Praha,CRPA B Prague Amigos
3,145416,8 Ondřej Šafář (U),1,1,2,2015/2016,FBC Penguins Praha,CRPA B Prague Amigos
4,145416,9 Jan Štička (U),0,0,0,2015/2016,FBC Penguins Praha,CRPA B Prague Amigos
5,145416,10 Miroslav Zbořilák (U),0,0,0,2015/2016,FBC Penguins Praha,CRPA B Prague Amigos
6,145416,13 Tomáš Badin (U),1,0,1,2015/2016,FBC Penguins Praha,CRPA B Prague Amigos
7,145416,18 Jan Štorek (U),0,0,0,2015/2016,FBC Penguins Praha,CRPA B Prague Amigos
8,145416,25 Jan Bárta (U),0,0,0,2015/2016,FBC Penguins Praha,CRPA B Prague Amigos
9,145416,27 Michal Vondra (O),0,1,1,2015/2016,FBC Penguins Praha,CRPA B Prague Amigos
10,145416,33 Martin Hrubý (U),0,0,0,2015/2016,FBC Penguins Praha,CRPA B Prague Amigos
11,145416,71 David Vašina (U),0,0,0,2015/2016,FBC Penguins Praha,CRPA B Prague Amigos
0,145419,2 Michal Lebeda (O),0,0,0,2015/2016,FBC Penguins Praha,Florbal Riders
1,145419,4 Pavel Cichra (U),1,1,2,2015/2016,FBC Penguins Praha,Florbal Riders
2,145419,7 Pavel Špirit (U),1,1,2,2015/2016,FBC Penguins Praha,Florbal Riders
3,145419,9 Jan Vítkovský (U),0,1,1,2015/2016,FBC Penguins Praha,Florbal Riders
4,145419,11 Jakub Chvojka (U),0,0,0,2015/2016,FBC Penguins Praha,Florbal Riders
5,145419,13 Marek Häusler (U),1,1,2,2015/2016,FBC Penguins Praha,Florbal Riders
6,145419,15 Lukáš Mašek (U),0,0,0,2015/2016,FBC Penguins Praha,Florbal Riders
7,145419,69 Juraj Michajlov (U),0,1,1,2015/2016,FBC Penguins Praha,Florbal Riders
8,145419,76 Jiří Machala (U),1,0,1,2015/2016,FBC Penguins Praha,Florbal Riders
9,145419,77 Petr Brtek (U),0,2,2,2015/2016,FBC Penguins Praha,Florbal Riders
10,145419,79 Tomáš Karbusický (U),2,0,2,2015/2016,FBC Penguins Praha,Florbal Riders
11,145419,92 Jiří Krotký (U),0,0,0,2015/2016,FBC Penguins Praha,Florbal Riders
12,145419,99 Tomáš Hruška (U),2,0,2,2015/2016,FBC Penguins Praha,Florbal Riders
0,148808,2 Petr Rosička (U),1,0,1,2015/2016,FBC Penguins Praha,FBC JELENI UNHOŠŤ B
1,148808,6 Tomáš Tlustý (U),0,0,0,2015/2016,FBC Penguins Praha,FBC JELENI UNHOŠŤ B
2,148808,13 Jan Lintymer (U),1,0,1,2015/2016,FBC Penguins Praha,FBC JELENI UNHOŠŤ B
3,148808,41 Zdeněk Hromota (U),1,0,1,2015/2016,FBC Penguins Praha,FBC JELENI UNHOŠŤ B
4,148808,55 Matěj Hrdlička (U),0,0,0,2015/2016,FBC Penguins Praha,FBC JELENI UNHOŠŤ B
5,148808,78 Lukáš Mendlík (U),1,3,4,2015/2016,FBC Penguins Praha,FBC JELENI UNHOŠŤ B
0,148818,9 Martin Matějček (U),0,0,0,2015/2016,FBC Penguins Praha,"FBC Young Boys ""B"""
1,148818,11 Lukáš Veselý (U),0,0,0,2015/2016,FBC Penguins Praha,"FBC Young Boys ""B"""
2,148818,13 Michal Douda (U),0,0,0,2015/2016,FBC Penguins Praha,"FBC Young Boys ""B"""
3,148818,14 Lukáš Boublík (U),0,0,0,2015/2016,FBC Penguins Praha,"FBC Young Boys ""B"""
4,148818,20 Robert Taussig (U),0,0,0,2015/2016,FBC Penguins Praha,"FBC Young Boys ""B"""
5,148818,23 Jakub Rohlík (U),0,0,0,2015/2016,FBC Penguins Praha,"FBC Young Boys ""B"""
6,148818,24 Petr Sváda (U),2,0,2,2015/2016,FBC Penguins Praha,"FBC Young Boys ""B"""
7,148818,27 Jan Trnka (U),0,0,0,2015/2016,FBC Penguins Praha,"FBC Young Boys ""B"""
8,148818,42 Martin Šudoma (U),0,0,0,2015/2016,FBC Penguins Praha,"FBC Young Boys ""B"""
9,148818,68 Tadeáš Bohatec (U),0,2,2,2015/2016,FBC Penguins Praha,"FBC Young Boys ""B"""
10,148818,91 David Žák (U),0,0,0,2015/2016,FBC Penguins Praha,"FBC Young Boys ""B"""
0,151296,2 František Doležal (U),0,0,0,2015/2016,FBC Penguins Praha,TJ Sokol Dobříš B
1,151296,5 Evžen Teringl (U),0,0,0,2015/2016,FBC Penguins Praha,TJ Sokol Dobříš B
2,151296,6 Petr Veselý (U),0,0,0,2015/2016,FBC Penguins Praha,TJ Sokol Dobříš B
3,151296,7 Vojtěch Paul (U),0,1,1,2015/2016,FBC Penguins Praha,TJ Sokol Dobříš B
4,151296,8 Marek Šíp (U),1,0,1,2015/2016,FBC Penguins Praha,TJ Sokol Dobříš B
5,151296,10 Jaroslav Šimek (U),0,1,1,2015/2016,FBC Penguins Praha,TJ Sokol Dobříš B
6,151296,11 Tomáš Krejcárek (U),1,0,1,2015/2016,FBC Penguins Praha,TJ Sokol Dobříš B
7,151296,12 Filip Prusík (U),0,0,0,2015/2016,FBC Penguins Praha,TJ Sokol Dobříš B
8,151296,13 Dominik Bouček (U),2,1,3,2015/2016,FBC Penguins Praha,TJ Sokol Dobříš B
9,151296,14 Michal Kolář (U),0,1,1,2015/2016,FBC Penguins Praha,TJ Sokol Dobříš B
10,151296,15 Pavel Procházka (U),0,0,0,2015/2016,FBC Penguins Praha,TJ Sokol Dobříš B
11,151296,17 Vojtěch Tesárek (U),0,0,0,2015/2016,FBC Penguins Praha,TJ Sokol Dobříš B
12,151296,18 Jakub Dragoun (U),1,0,1,2015/2016,FBC Penguins Praha,TJ Sokol Dobříš B
0,151313,6 Jiří Nekvasil (U),0,1,1,2015/2016,FBC Penguins Praha,Athletics Praha D
1,151313,7 Zbyněk Prokšan (U),2,2,4,2015/2016,FBC Penguins Praha,Athletics Praha D
2,151313,9 Petr Paulus (U),2,0,2,2015/2016,FBC Penguins Praha,Athletics Praha D
3,151313,22 Milan Hort (U),0,0,0,2015/2016,FBC Penguins Praha,Athletics Praha D
4,151313,44 Michal Nechanický (U),0,0,0,2015/2016,FBC Penguins Praha,Athletics Praha D
5,151313,67 Martin Bolech (O),1,1,2,2015/2016,FBC Penguins Praha,Athletics Praha D
6,151313,89 Milan Vřešťál (U),1,0,1,2015/2016,FBC Penguins Praha,Athletics Praha D
7,151313,98 Matěj Soukup (O),1,1,2,2015/2016,FBC Penguins Praha,Athletics Praha D
0,153302,3 Michal Navrátil (U),0,1,1,2015/2016,FBC Penguins Praha,FBC Atomovky
1,153302,5 Ondřej Sládek (U),0,0,0,2015/2016,FBC Penguins Praha,FBC Atomovky
2,153302,7 Martin Libecajt (U),0,0,0,2015/2016,FBC Penguins Praha,FBC Atomovky
3,153302,9 Tomáš Ostravský (U),0,1,1,2015/2016,FBC Penguins Praha,FBC Atomovky
4,153302,15 David Schneider (U),2,1,3,2015/2016,FBC Penguins Praha,FBC Atomovky
5,153302,17 Jakub Neradil (U),1,2,3,2015/2016,FBC Penguins Praha,FBC Atomovky
6,153302,22 Jan Vršek (U),1,1,2,2015/2016,FBC Penguins Praha,FBC Atomovky
7,153302,23 Jiří Neradil (O),0,2,2,2015/2016,FBC Penguins Praha,FBC Atomovky
8,153302,39 Michal Hájek (U),0,0,0,2015/2016,FBC Penguins Praha,FBC Atomovky
9,153302,80 Stanislav Hejl (U),2,1,3,2015/2016,FBC Penguins Praha,FBC Atomovky
10,153302,81 Jakub Šíma (U),4,0,4,2015/2016,FBC Penguins Praha,FBC Atomovky
0,153426,2 Petr Kohout (U),0,1,1,2015/2016,FBC Penguins Praha,IBK Kubánský Klan C
1,153426,3 Jan Prušák (U),0,0,0,2015/2016,FBC Penguins Praha,IBK Kubánský Klan C
2,153426,11 David Haring (U),0,1,1,2015/2016,FBC Penguins Praha,IBK Kubánský Klan C
3,153426,12 Jan Paulovič (U),0,0,0,2015/2016,FBC Penguins Praha,IBK Kubánský Klan C
4,153426,14 Tomáš Kriebel (U),0,1,1,2015/2016,FBC Penguins Praha,IBK Kubánský Klan C
5,153426,32 Petr Kaša (U),1,0,1,2015/2016,FBC Penguins Praha,IBK Kubánský Klan C
6,153426,54 Lukáš Bozděch (U),0,0,0,2015/2016,FBC Penguins Praha,IBK Kubánský Klan C
7,153426,68 Pavel Kohout (U),1,0,1,2015/2016,FBC Penguins Praha,IBK Kubánský Klan C
8,153426,91 Michal Kuruc (U),3,0,3,2015/2016,FBC Penguins Praha,IBK Kubánský Klan C
0,155310,4 David Östereicher (U),0,0,0,2015/2016,FBC Penguins Praha,Gladiátor Team Beroun B
1,155310,7 Michal Petrbok (U),0,0,0,2015/2016,FBC Penguins Praha,Gladiátor Team Beroun B
2,155310,13 Václav Östereicher (U),0,0,0,2015/2016,FBC Penguins Praha,Gladiátor Team Beroun B
3,155310,18 Martin Váňa (U),0,0,0,2015/2016,FBC Penguins Praha,Gladiátor Team Beroun B
4,155310,21 Marek Toráč (U),1,0,1,2015/2016,FBC Penguins Praha,Gladiátor Team Beroun B
5,155310,23 Lukáš Žiga (U),0,0,0,2015/2016,FBC Penguins Praha,Gladiátor Team Beroun B
6,155310,44 Martin Östereicher (U),1,0,1,2015/2016,FBC Penguins Praha,Gladiátor Team Beroun B
7,155310,77 Ondřej Vaněček (U),0,0,0,2015/2016,FBC Penguins Praha,Gladiátor Team Beroun B
8,155310,87 Jiří Nekvinda (U),1,0,1,2015/2016,FBC Penguins Praha,Gladiátor Team Beroun B
9,155310,88 Lukáš Kováříček (U),0,0,0,2015/2016,FBC Penguins Praha,Gladiátor Team Beroun B
0,155930,22 Bohuslav Bek (U),0,1,1,2015/2016,FBC Penguins Praha,TJ Kyje
1,155930,44 Tomáš Svoboda (U),1,0,1,2015/2016,FBC Penguins Praha,TJ Kyje
2,155930,73 Jakub Hokr (U),0,1,1,2015/2016,FBC Penguins Praha,TJ Kyje
3,155930,75 Jakub Kaštánek (U),1,0,1,2015/2016,FBC Penguins Praha,TJ Kyje
4,155930,77 Martin Chýle (U),1,0,1,2015/2016,FBC Penguins Praha,TJ Kyje
5,155930,88 Tomáš Koudelka (U),0,0,0,2015/2016,FBC Penguins Praha,TJ Kyje
6,155930,94 Petr Chýle (U),1,0,1,2015/2016,FBC Penguins Praha,TJ Kyje
0,158160,3 Michal Rydlo (O),0,0,0,2016/2017,FBC Penguins Praha,IBK Svatý hole Kladno B
1,158160,8 Lukáš Vrba (U),1,0,1,2016/2017,FBC Penguins Praha,IBK Svatý hole Kladno B
2,158160,9 Pavel Hušák (O),1,1,2,2016/2017,FBC Penguins Praha,IBK Svatý hole Kladno B
3,158160,14 Václav Babor (U),2,1,3,2016/2017,FBC Penguins Praha,IBK Svatý hole Kladno B
4,158160,18 Jan Juklíček (U),2,2,4,2016/2017,FBC Penguins Praha,IBK Svatý hole Kladno B
5,158160,21 Jindřich Buša (U),0,0,0,2016/2017,FBC Penguins Praha,IBK Svatý hole Kladno B
6,158160,23 Matouš Vlasák (U),0,0,0,2016/2017,FBC Penguins Praha,IBK Svatý hole Kladno B
7,158160,24 Václav Juklíček (U),0,0,0,2016/2017,FBC Penguins Praha,IBK Svatý hole Kladno B
8,158160,29 Jiří Bareš (U),0,1,1,2016/2017,FBC Penguins Praha,IBK Svatý hole Kladno B
9,158160,51 Michal Šmíd (U),2,1,3,2016/2017,FBC Penguins Praha,IBK Svatý hole Kladno B
10,158160,88 Tomáš Hušák (U),0,0,0,2016/2017,FBC Penguins Praha,IBK Svatý hole Kladno B
0,158165,12 Radek Řeháček (U),0,0,0,2016/2017,FBC Penguins Praha,TJ Sokol Královské Vinohrady D
1,158165,17 Jan Voříšek (U),1,0,1,2016/2017,FBC Penguins Praha,TJ Sokol Královské Vinohrady D
2,158165,22 Ondřej Novák (U),0,0,0,2016/2017,FBC Penguins Praha,TJ Sokol Královské Vinohrady D
3,158165,28 Jakub Malý (U),1,1,2,2016/2017,FBC Penguins Praha,TJ Sokol Královské Vinohrady D
4,158165,33 Daniel Stránský (U),0,2,2,2016/2017,FBC Penguins Praha,TJ Sokol Královské Vinohrady D
5,158165,36 Miroslav Šíp (U),2,0,2,2016/2017,FBC Penguins Praha,TJ Sokol Královské Vinohrady D
6,158165,43 Jakub Vrzák (U),0,1,1,2016/2017,FBC Penguins Praha,TJ Sokol Královské Vinohrady D
7,158165,46 Lukáš Frydrych (U),1,0,1,2016/2017,FBC Penguins Praha,TJ Sokol Královské Vinohrady D
8,158165,48 Ondřej Kadaník (U),0,0,0,2016/2017,FBC Penguins Praha,TJ Sokol Královské Vinohrady D
9,158165,66 Tomáš Grznár (U),0,0,0,2016/2017,FBC Penguins Praha,TJ Sokol Královské Vinohrady D
10,158165,72 Richard Mrázek (U),0,2,2,2016/2017,FBC Penguins Praha,TJ Sokol Královské Vinohrady D
11,158165,99 Oldřich Pilecký (U),2,0,2,2016/2017,FBC Penguins Praha,TJ Sokol Královské Vinohrady D
0,160490,7 Michal Zeman (U),0,0,0,2016/2017,FBC Penguins Praha,FbK Wildcats Praha B
1,160490,11 Vít Novotný (U),0,1,1,2016/2017,FBC Penguins Praha,FbK Wildcats Praha B
2,160490,12 Vojtěch Svoboda (U),0,0,0,2016/2017,FBC Penguins Praha,FbK Wildcats Praha B
3,160490,13 Martin Dimitrov (U),0,0,0,2016/2017,FBC Penguins Praha,FbK Wildcats Praha B
4,160490,17 Jiří Novák (O),1,0,1,2016/2017,FBC Penguins Praha,FbK Wildcats Praha B
5,160490,23 Ondřej Kulakowski (U),0,4,4,2016/2017,FBC Penguins Praha,FbK Wildcats Praha B
6,160490,26 Daniel Kvěch (U),0,0,0,2016/2017,FBC Penguins Praha,FbK Wildcats Praha B
7,160490,32 Jiří Müller (U),3,0,3,2016/2017,FBC Penguins Praha,FbK Wildcats Praha B
8,160490,77 Tomáš Moučka (U),0,0,0,2016/2017,FBC Penguins Praha,FbK Wildcats Praha B
9,160490,96 David Musil (O),3,0,3,2016/2017,FBC Penguins Praha,FbK Wildcats Praha B
0,160696,4 David Östereicher (U),0,0,0,2016/2017,FBC Penguins Praha,Gladiátor Team Beroun
1,160696,7 Michal Petrbok (U),0,0,0,2016/2017,FBC Penguins Praha,Gladiátor Team Beroun
2,160696,16 Radim Onderka (U),1,0,1,2016/2017,FBC Penguins Praha,Gladiátor Team Beroun
3,160696,21 Marek Toráč (U),0,0,0,2016/2017,FBC Penguins Praha,Gladiátor Team Beroun
4,160696,23 Lukáš Žiga (U),0,1,1,2016/2017,FBC Penguins Praha,Gladiátor Team Beroun
5,160696,44 Martin Östereicher (U),0,0,0,2016/2017,FBC Penguins Praha,Gladiátor Team Beroun
6,160696,73 Jan Vrba (U),0,0,0,2016/2017,FBC Penguins Praha,Gladiátor Team Beroun
7,160696,77 Ondřej Vaněček (U),0,0,0,2016/2017,FBC Penguins Praha,Gladiátor Team Beroun
8,160696,97 Jakub Smíšek (U),0,0,0,2016/2017,FBC Penguins Praha,Gladiátor Team Beroun
0,165178,4 Jakub Mádr (U),0,0,0,2016/2017,FBC Penguins Praha,FBC Ressler boys
1,165178,8 Filip Weber (O),0,0,0,2016/2017,FBC Penguins Praha,FBC Ressler boys
2,165178,10 Miloš Zapadlo (U),1,0,1,2016/2017,FBC Penguins Praha,FBC Ressler boys
3,165178,11 Martin Elišák (U),0,0,0,2016/2017,FBC Penguins Praha,FBC Ressler boys
4,165178,12 Adam Bardún (U),0,1,1,2016/2017,FBC Penguins Praha,FBC Ressler boys
5,165178,13 Marek Václavík (U),0,0,0,2016/2017,FBC Penguins Praha,FBC Ressler boys
6,165178,14 Roman Žampach (U),0,1,1,2016/2017,FBC Penguins Praha,FBC Ressler boys
7,165178,17 Radek Mošnička (U),0,0,0,2016/2017,FBC Penguins Praha,FBC Ressler boys
8,165178,77 Ctibor Chmelař (U),2,0,2,2016/2017,FBC Penguins Praha,FBC Ressler boys
9,165178,86 Zdeněk Karásek (U),0,0,0,2016/2017,FBC Penguins Praha,FBC Ressler boys
10,165178,87 Jakub Edr (U),0,1,1,2016/2017,FBC Penguins Praha,FBC Ressler boys
11,165178,88 Michal Rosí (U),0,0,0,2016/2017,FBC Penguins Praha,FBC Ressler boys
0,165180,4 Michal Janouš (O),0,0,0,2016/2017,FBC Penguins Praha,SK Alien Nation Černošice
1,165180,7 Sebastian Pech (U),0,1,1,2016/2017,FBC Penguins Praha,SK Alien Nation Černošice
2,165180,8 René Janeba (U),0,0,0,2016/2017,FBC Penguins Praha,SK Alien Nation Černošice
3,165180,9 Josef Hájek (U),1,1,2,2016/2017,FBC Penguins Praha,SK Alien Nation Černošice
4,165180,11 Michael Tichý (U),0,1,1,2016/2017,FBC Penguins Praha,SK Alien Nation Černošice
5,165180,22 Jan Flaška (U),1,1,2,2016/2017,FBC Penguins Praha,SK Alien Nation Černošice
6,165180,26 Tomáš Pažout (U),2,0,2,2016/2017,FBC Penguins Praha,SK Alien Nation Černošice
7,165180,60 Pavol Pánik (U),0,0,0,2016/2017,FBC Penguins Praha,SK Alien Nation Černošice
8,165180,75 Martin Vodička (U),0,0,0,2016/2017,FBC Penguins Praha,SK Alien Nation Černošice
9,165180,98 Jakub Sládek (U),1,1,2,2016/2017,FBC Penguins Praha,SK Alien Nation Černošice
0,167687,2 Jiří Mencl (U),0,2,2,2016/2017,FBC Penguins Praha,IBK Svatý hole Kladno B
1,167687,9 Pavel Hušák (O),1,1,2,2016/2017,FBC Penguins Praha,IBK Svatý hole Kladno B
2,167687,14 Václav Babor (U),3,0,3,2016/2017,FBC Penguins Praha,IBK Svatý hole Kladno B
3,167687,15 Jan Marek (U),1,2,3,2016/2017,FBC Penguins Praha,IBK Svatý hole Kladno B
4,167687,18 Jan Juklíček (U),1,0,1,2016/2017,FBC Penguins Praha,IBK Svatý hole Kladno B
5,167687,23 Matouš Vlasák (U),1,2,3,2016/2017,FBC Penguins Praha,IBK Svatý hole Kladno B
6,167687,29 Jiří Bareš (U),2,0,2,2016/2017,FBC Penguins Praha,IBK Svatý hole Kladno B
7,167687,51 Michal Šmíd (U),2,3,5,2016/2017,FBC Penguins Praha,IBK Svatý hole Kladno B
8,167687,88 Tomáš Hušák (U),1,1,2,2016/2017,FBC Penguins Praha,IBK Svatý hole Kladno B
0,167690,2 Milan Češek (U),0,2,2,2016/2017,FBC Penguins Praha,FBC Slavia Praha B
1,167690,25 Jakub Pražák (O),1,1,2,2016/2017,FBC Penguins Praha,FBC Slavia Praha B
2,167690,72 Jaroslav Soldán (O),1,0,1,2016/2017,FBC Penguins Praha,FBC Slavia Praha B
3,167690,86 Václav Měchura (U),2,0,2,2016/2017,FBC Penguins Praha,FBC Slavia Praha B
4,167690,93 Tomáš Kupec (U),1,0,1,2016/2017,FBC Penguins Praha,FBC Slavia Praha B
5,167690,99 Jiří Houžvička (O),0,0,0,2016/2017,FBC Penguins Praha,FBC Slavia Praha B
0,170888,7 Tomáš Dlouhý (U),0,0,0,2016/2017,FBC Penguins Praha,FBC Blue Horses Žehrovice B
1,170888,14 Petr Hejda (U),0,0,0,2016/2017,FBC Penguins Praha,FBC Blue Horses Žehrovice B
2,170888,17 Stanislav Lepič (U),1,1,2,2016/2017,FBC Penguins Praha,FBC Blue Horses Žehrovice B
3,170888,18 Jan Mikolášek (U),1,0,1,2016/2017,FBC Penguins Praha,FBC Blue Horses Žehrovice B
4,170888,25 Lukáš Pichner (U),0,1,1,2016/2017,FBC Penguins Praha,FBC Blue Horses Žehrovice B
5,170888,29 Jakub Hříbal (U),0,0,0,2016/2017,FBC Penguins Praha,FBC Blue Horses Žehrovice B
6,170888,50 Jiří Kindl (U),0,0,0,2016/2017,FBC Penguins Praha,FBC Blue Horses Žehrovice B
7,170888,66 Lukáš Müller (U),0,0,0,2016/2017,FBC Penguins Praha,FBC Blue Horses Žehrovice B
8,170888,93 Michal Čermák (U),0,0,0,2016/2017,FBC Penguins Praha,FBC Blue Horses Žehrovice B
0,170890,4 Jakub Mádr (U),0,0,0,2016/2017,FBC Penguins Praha,FBC Ressler boys
1,170890,8 Filip Weber (O),0,1,1,2016/2017,FBC Penguins Praha,FBC Ressler boys
2,170890,10 Miloš Zapadlo (U),1,0,1,2016/2017,FBC Penguins Praha,FBC Ressler boys
3,170890,11 Martin Elišák (U),0,1,1,2016/2017,FBC Penguins Praha,FBC Ressler boys
4,170890,12 Adam Bardún (U),0,0,0,2016/2017,FBC Penguins Praha,FBC Ressler boys
5,170890,13 Marek Václavík (U),0,0,0,2016/2017,FBC Penguins Praha,FBC Ressler boys
6,170890,14 Roman Žampach (U),0,0,0,2016/2017,FBC Penguins Praha,FBC Ressler boys
7,170890,17 Radek Mošnička (U),0,1,1,2016/2017,FBC Penguins Praha,FBC Ressler boys
8,170890,21 Štěpán Trousil (U),0,0,0,2016/2017,FBC Penguins Praha,FBC Ressler boys
9,170890,77 Ctibor Chmelař (U),1,0,1,2016/2017,FBC Penguins Praha,FBC Ressler boys
10,170890,86 Zdeněk Karásek (U),2,2,4,2016/2017,FBC Penguins Praha,FBC Ressler boys
11,170890,88 Michal Rosí (U),1,0,1,2016/2017,FBC Penguins Praha,FBC Ressler boys
0,173095,2 David Ranš (U),4,0,4,2016/2017,FBC Penguins Praha,SK Alien Nation Černošice
1,173095,4 Michal Janouš (O),0,1,1,2016/2017,FBC Penguins Praha,SK Alien Nation Černošice
2,173095,5 Vítězslav Prágr (U),0,1,1,2016/2017,FBC Penguins Praha,SK Alien Nation Černošice
3,173095,7 Sebastian Pech (U),0,0,0,2016/2017,FBC Penguins Praha,SK Alien Nation Černošice
4,173095,9 Josef Hájek (U),1,0,1,2016/2017,FBC Penguins Praha,SK Alien Nation Černošice
5,173095,11 Michael Tichý (U),0,1,1,2016/2017,FBC Penguins Praha,SK Alien Nation Černošice
6,173095,22 Jan Flaška (U),2,2,4,2016/2017,FBC Penguins Praha,SK Alien Nation Černošice
7,173095,26 Tomáš Pažout (U),1,2,3,2016/2017,FBC Penguins Praha,SK Alien Nation Černošice
8,173095,33 Antonín Krudenc (U),3,0,3,2016/2017,FBC Penguins Praha,SK Alien Nation Černošice
9,173095,60 Pavol Pánik (U),0,0,0,2016/2017,FBC Penguins Praha,SK Alien Nation Černošice
10,173095,75 Martin Vodička (U),0,2,2,2016/2017,FBC Penguins Praha,SK Alien Nation Černošice
0,173117,3 Kryštof Kocot (O),0,0,0,2016/2017,FBC Penguins Praha,Panthers Praha D
1,173117,9 Tomáš Valenta (U),1,0,1,2016/2017,FBC Penguins Praha,Panthers Praha D
2,173117,14 David Šimůnek (O),0,0,0,2016/2017,FBC Penguins Praha,Panthers Praha D
3,173117,22 Ondřej Bendík (U),0,0,0,2016/2017,FBC Penguins Praha,Panthers Praha D
4,173117,23 Jakub Havlík (U),1,0,1,2016/2017,FBC Penguins Praha,Panthers Praha D
5,173117,31 Tomáš Pauček (U),0,0,0,2016/2017,FBC Penguins Praha,Panthers Praha D
6,173117,40 Aleš Kůdela (U),0,0,0,2016/2017,FBC Penguins Praha,Panthers Praha D
7,173117,42 Jan Šťastný (U),1,0,1,2016/2017,FBC Penguins Praha,Panthers Praha D
8,173117,47 Petr Benedikt (U),0,0,0,2016/2017,FBC Penguins Praha,Panthers Praha D
9,173117,61 Adam Novák (U),0,0,0,2016/2017,FBC Penguins Praha,Panthers Praha D
10,173117,63 Dominik Korolus (U),0,2,2,2016/2017,FBC Penguins Praha,Panthers Praha D
11,173117,84 Martin Bajer (U),0,1,1,2016/2017,FBC Penguins Praha,Panthers Praha D
12,173117,89 David Volek (U),0,0,0,2016/2017,FBC Penguins Praha,Panthers Praha D
13,173117,91 Luboš Berka (U),0,0,0,2016/2017,FBC Penguins Praha,Panthers Praha D
0,174037,17 Jan Voříšek (U),0,0,0,2016/2017,FBC Penguins Praha,TJ Sokol Královské Vinohrady D
1,174037,22 Ondřej Novák (U),0,1,1,2016/2017,FBC Penguins Praha,TJ Sokol Královské Vinohrady D
2,174037,28 Jakub Malý (U),2,2,4,2016/2017,FBC Penguins Praha,TJ Sokol Královské Vinohrady D
3,174037,31 Petr Matolín (U),0,1,1,2016/2017,FBC Penguins Praha,TJ Sokol Královské Vinohrady D
4,174037,33 Daniel Stránský (O),0,3,3,2016/2017,FBC Penguins Praha,TJ Sokol Královské Vinohrady D
5,174037,35 Petr Ježek (U),1,0,1,2016/2017,FBC Penguins Praha,TJ Sokol Královské Vinohrady D
6,174037,36 Miroslav Šíp (U),1,0,1,2016/2017,FBC Penguins Praha,TJ Sokol Královské Vinohrady D
7,174037,43 Jakub Vrzák (U),1,3,4,2016/2017,FBC Penguins Praha,TJ Sokol Královské Vinohrady D
8,174037,46 Lukáš Frydrych (U),2,1,3,2016/2017,FBC Penguins Praha,TJ Sokol Královské Vinohrady D
9,174037,48 Ondřej Kadaník (U),1,0,1,2016/2017,FBC Penguins Praha,TJ Sokol Královské Vinohrady D
10,174037,72 Richard Mrázek (U),0,0,0,2016/2017,FBC Penguins Praha,TJ Sokol Královské Vinohrady D
11,174037,99 Oldřich Pilecký (U),4,1,5,2016/2017,FBC Penguins Praha,TJ Sokol Královské Vinohrady D
0,177651,2 Petr Kohout (U),1,4,5,2016/2017,FBC Penguins Praha,IBK Kubánský Klan C
1,177651,11 David Haring (U),2,1,3,2016/2017,FBC Penguins Praha,IBK Kubánský Klan C
2,177651,12 Jan Paulovič (U),1,3,4,2016/2017,FBC Penguins Praha,IBK Kubánský Klan C
3,177651,14 Tomáš Kriebel (U),0,0,0,2016/2017,FBC Penguins Praha,IBK Kubánský Klan C
4,177651,32 Petr Kaša (U),2,1,3,2016/2017,FBC Penguins Praha,IBK Kubánský Klan C
5,177651,54 Lukáš Bozděch (U),1,1,2,2016/2017,FBC Penguins Praha,IBK Kubánský Klan C
6,177651,68 Pavel Kohout (U),3,0,3,2016/2017,FBC Penguins Praha,IBK Kubánský Klan C
7,177651,91 Michal Kuruc (U),3,3,6,2016/2017,FBC Penguins Praha,IBK Kubánský Klan C
8,177651,93 František Podaný (U),1,1,2,2016/2017,FBC Penguins Praha,IBK Kubánský Klan C
0,181133,4 Václav Müller (U),0,0,0,2016/2017,FBC Penguins Praha,FBC Blue Horses Žehrovice B
1,181133,7 Tomáš Dlouhý (U),0,1,1,2016/2017,FBC Penguins Praha,FBC Blue Horses Žehrovice B
2,181133,17 Stanislav Lepič (U),1,0,1,2016/2017,FBC Penguins Praha,FBC Blue Horses Žehrovice B
3,181133,50 Jiří Kindl (U),0,0,0,2016/2017,FBC Penguins Praha,FBC Blue Horses Žehrovice B
4,181133,66 Lukáš Müller (U),0,0,0,2016/2017,FBC Penguins Praha,FBC Blue Horses Žehrovice B
5,181133,91 Jakub Leisch (U),0,0,0,2016/2017,FBC Penguins Praha,FBC Blue Horses Žehrovice B
6,181133,93 Michal Čermák (U),2,0,2,2016/2017,FBC Penguins Praha,FBC Blue Horses Žehrovice B
7,181133,98 Michal Jelínek (U),0,0,0,2016/2017,FBC Penguins Praha,FBC Blue Horses Žehrovice B
0,181139,7 Michal Zeman (U),0,0,0,2016/2017,FBC Penguins Praha,FbK Wildcats Praha B
1,181139,8 Vladimír Bradáč (U),1,0,1,2016/2017,FBC Penguins Praha,FbK Wildcats Praha B
2,181139,11 Vít Novotný (U),1,0,1,2016/2017,FBC Penguins Praha,FbK Wildcats Praha B
3,181139,12 Vojtěch Svoboda (U),0,2,2,2016/2017,FBC Penguins Praha,FbK Wildcats Praha B
4,181139,14 Michal Kramoliš (U),0,1,1,2016/2017,FBC Penguins Praha,FbK Wildcats Praha B
5,181139,15 Václav Böhm (U),1,0,1,2016/2017,FBC Penguins Praha,FbK Wildcats Praha B
6,181139,17 Jiří Novák (O),0,1,1,2016/2017,FBC Penguins Praha,FbK Wildcats Praha B
7,181139,21 Vojtěch Dlouhý (U),2,0,2,2016/2017,FBC Penguins Praha,FbK Wildcats Praha B
8,181139,26 Daniel Kvěch (U),0,0,0,2016/2017,FBC Penguins Praha,FbK Wildcats Praha B
9,181139,77 Tomáš Moučka (U),0,0,0,2016/2017,FBC Penguins Praha,FbK Wildcats Praha B
0,184416,9 Tomáš Valenta (U),0,0,0,2016/2017,FBC Penguins Praha,Panthers Praha D
1,184416,14 Martin Šimůnek (U),0,0,0,2016/2017,FBC Penguins Praha,Panthers Praha D
2,184416,22 Ondřej Bendík (U),0,0,0,2016/2017,FBC Penguins Praha,Panthers Praha D
3,184416,23 Jakub Havlík (U),0,0,0,2016/2017,FBC Penguins Praha,Panthers Praha D
4,184416,31 Tomáš Pauček (U),0,0,0,2016/2017,FBC Penguins Praha,Panthers Praha D
5,184416,40 Aleš Kůdela (U),1,0,1,2016/2017,FBC Penguins Praha,Panthers Praha D
6,184416,44 Richard Filikar (O),0,0,0,2016/2017,FBC Penguins Praha,Panthers Praha D
7,184416,47 Petr Benedikt (U),0,1,1,2016/2017,FBC Penguins Praha,Panthers Praha D
8,184416,63 Dominik Korolus (U),0,0,0,2016/2017,FBC Penguins Praha,Panthers Praha D
9,184416,67 Adam Novák (U),0,0,0,2016/2017,FBC Penguins Praha,Panthers Praha D
10,184416,89 David Volek (U),0,1,1,2016/2017,FBC Penguins Praha,Panthers Praha D
11,184416,91 Luboš Berka (U),1,0,1,2016/2017,FBC Penguins Praha,Panthers Praha D
12,184416,92 Šimon Baumruk (U),0,0,0,2016/2017,FBC Penguins Praha,Panthers Praha D
0,184419,2 Petr Kohout (U),2,2,4,2016/2017,FBC Penguins Praha,IBK Kubánský Klan C
1,184419,11 David Haring (U),0,0,0,2016/2017,FBC Penguins Praha,IBK Kubánský Klan C
2,184419,12 Jan Paulovič (U),0,0,0,2016/2017,FBC Penguins Praha,IBK Kubánský Klan C
3,184419,14 Tomáš Kriebel (U),0,1,1,2016/2017,FBC Penguins Praha,IBK Kubánský Klan C
4,184419,32 Petr Kaša (U),0,0,0,2016/2017,FBC Penguins Praha,IBK Kubánský Klan C
5,184419,54 Lukáš Bozděch (U),0,1,1,2016/2017,FBC Penguins Praha,IBK Kubánský Klan C
6,184419,68 Pavel Kohout (U),2,3,5,2016/2017,FBC Penguins Praha,IBK Kubánský Klan C
7,184419,87 Josef Vlček (U),1,1,2,2016/2017,FBC Penguins Praha,IBK Kubánský Klan C
8,184419,91 Michal Kuruc (U),1,0,1,2016/2017,FBC Penguins Praha,IBK Kubánský Klan C
9,184419,93 František Podaný (U),2,0,2,2016/2017,FBC Penguins Praha,IBK Kubánský Klan C
0,186566,6 Jan Mičko (U),0,0,0,2016/2017,FBC Penguins Praha,Gladiátor Team Beroun
1,186566,7 Michal Petrbok (U),0,0,0,2016/2017,FBC Penguins Praha,Gladiátor Team Beroun
2,186566,11 Jiří Svoboda (U),1,0,1,2016/2017,FBC Penguins Praha,Gladiátor Team Beroun
3,186566,13 Václav Östereicher (U),0,0,0,2016/2017,FBC Penguins Praha,Gladiátor Team Beroun
4,186566,14 Bořek Sláma (U),1,2,3,2016/2017,FBC Penguins Praha,Gladiátor Team Beroun
5,186566,16 Radim Onderka (U),2,0,2,2016/2017,FBC Penguins Praha,Gladiátor Team Beroun
6,186566,21 Marek Toráč (U),1,1,2,2016/2017,FBC Penguins Praha,Gladiátor Team Beroun
7,186566,23 Lukáš Žiga (U),0,0,0,2016/2017,FBC Penguins Praha,Gladiátor Team Beroun
8,186566,44 Martin Östereicher (U),0,0,0,2016/2017,FBC Penguins Praha,Gladiátor Team Beroun
9,186566,77 Ondřej Vaněček (U),0,0,0,2016/2017,FBC Penguins Praha,Gladiátor Team Beroun
10,186566,97 Jakub Smíšek (U),0,0,0,2016/2017,FBC Penguins Praha,Gladiátor Team Beroun
0,186570,2 Vítek Moučka (U),1,1,2,2016/2017,FBC Penguins Praha,FBC Slavia Praha B
1,186570,8 Prokop Kocur (U),3,0,3,2016/2017,FBC Penguins Praha,FBC Slavia Praha B
2,186570,15 Vojtěch Hecl (U),0,2,2,2016/2017,FBC Penguins Praha,FBC Slavia Praha B
3,186570,23 Alexandr Mostýn (U),0,0,0,2016/2017,FBC Penguins Praha,FBC Slavia Praha B
4,186570,25 Jakub Pražák (O),1,0,1,2016/2017,FBC Penguins Praha,FBC Slavia Praha B
5,186570,37 Martin Počta (U),1,0,1,2016/2017,FBC Penguins Praha,FBC Slavia Praha B
6,186570,50 Kryštof Jinek (U),1,2,3,2016/2017,FBC Penguins Praha,FBC Slavia Praha B
7,186570,72 Jaroslav Soldán (O),0,1,1,2016/2017,FBC Penguins Praha,FBC Slavia Praha B
8,186570,81 Karel Němec (U),0,0,0,2016/2017,FBC Penguins Praha,FBC Slavia Praha B
9,186570,93 Tomáš Kupec (U),0,1,1,2016/2017,FBC Penguins Praha,FBC Slavia Praha B
10,186570,98 Jan Horyna (U),0,0,0,2016/2017,FBC Penguins Praha,FBC Slavia Praha B
0,188121,2 Petr Michálek (U),0,0,0,2017/2018,FBC Penguins Praha,F.C. Vorms Praha
1,188121,3 Vojtěch Sýkora (U),1,0,1,2017/2018,FBC Penguins Praha,F.C. Vorms Praha
2,188121,7 Martin Bařtipán (U),0,0,0,2017/2018,FBC Penguins Praha,F.C. Vorms Praha
3,188121,8 Radek Štengl (U),0,1,1,2017/2018,FBC Penguins Praha,F.C. Vorms Praha
4,188121,11 Martin Brixí (U),1,1,2,2017/2018,FBC Penguins Praha,F.C. Vorms Praha
5,188121,14 Pavel Böhm (U),1,0,1,2017/2018,FBC Penguins Praha,F.C. Vorms Praha
6,188121,19 Radek Šmerák (U),0,0,0,2017/2018,FBC Penguins Praha,F.C. Vorms Praha
7,188121,20 Dávid Nagy (U),0,1,1,2017/2018,FBC Penguins Praha,F.C. Vorms Praha
0,188126,2 František Doležal (U),0,0,0,2017/2018,FBC Penguins Praha,TJ Sokol Dobříš B
1,188126,3 Filip Prusík (U),1,0,1,2017/2018,FBC Penguins Praha,TJ Sokol Dobříš B
2,188126,6 Petr Veselý (U),0,0,0,2017/2018,FBC Penguins Praha,TJ Sokol Dobříš B
3,188126,7 Michal Rozšafný (U),0,1,1,2017/2018,FBC Penguins Praha,TJ Sokol Dobříš B
4,188126,9 Vladimír Drnec (U),1,1,2,2017/2018,FBC Penguins Praha,TJ Sokol Dobříš B
5,188126,10 Jaroslav Šimek (U),0,0,0,2017/2018,FBC Penguins Praha,TJ Sokol Dobříš B
6,188126,12 Jakub Brabec (U),0,2,2,2017/2018,FBC Penguins Praha,TJ Sokol Dobříš B
7,188126,13 Jaroslav Němec (U),1,0,1,2017/2018,FBC Penguins Praha,TJ Sokol Dobříš B
8,188126,14 Michal Kolář (U),1,3,4,2017/2018,FBC Penguins Praha,TJ Sokol Dobříš B
9,188126,16 Pavel Procházka (U),0,0,0,2017/2018,FBC Penguins Praha,TJ Sokol Dobříš B
10,188126,17 Jan Vrba (U),3,0,3,2017/2018,FBC Penguins Praha,TJ Sokol Dobříš B
0,188617,18 Lukáš Klíma (U),1,1,2,2017/2018,FBC Penguins Praha,BLACK ANGELS D DYNAMO
1,188617,19 Ondřej Falber (U),0,0,0,2017/2018,FBC Penguins Praha,BLACK ANGELS D DYNAMO
2,188617,26 Jan Sláma (U),4,0,4,2017/2018,FBC Penguins Praha,BLACK ANGELS D DYNAMO
3,188617,33 Jakub Horáček (U),1,2,3,2017/2018,FBC Penguins Praha,BLACK ANGELS D DYNAMO
4,188617,71 Tomáš Zídek (U),1,0,1,2017/2018,FBC Penguins Praha,BLACK ANGELS D DYNAMO
5,188617,73 Pavel Horák (U),0,0,0,2017/2018,FBC Penguins Praha,BLACK ANGELS D DYNAMO
6,188617,84 Aleš Vondřejc (U),0,1,1,2017/2018,FBC Penguins Praha,BLACK ANGELS D DYNAMO
7,188617,88 Tomáš Říha (U),0,1,1,2017/2018,FBC Penguins Praha,BLACK ANGELS D DYNAMO
8,188617,99 Petr Brimus (U),1,1,2,2017/2018,FBC Penguins Praha,BLACK ANGELS D DYNAMO
0,188620,2 Petr Šváb (U),1,0,1,2017/2018,FBC Penguins Praha,Noxa TJ Ruzyně A
1,188620,5 Pavel Vozka (U),0,0,0,2017/2018,FBC Penguins Praha,Noxa TJ Ruzyně A
2,188620,6 Ondřej Šváb (U),0,0,0,2017/2018,FBC Penguins Praha,Noxa TJ Ruzyně A
3,188620,8 Petr Heteš (U),0,3,3,2017/2018,FBC Penguins Praha,Noxa TJ Ruzyně A
4,188620,9 Petr Urban (U),2,2,4,2017/2018,FBC Penguins Praha,Noxa TJ Ruzyně A
5,188620,11 Martin Kovář (U),1,0,1,2017/2018,FBC Penguins Praha,Noxa TJ Ruzyně A
6,188620,18 Martin Tuma (U),2,0,2,2017/2018,FBC Penguins Praha,Noxa TJ Ruzyně A
7,188620,20 Lukáš Ruda (O),0,0,0,2017/2018,FBC Penguins Praha,Noxa TJ Ruzyně A
8,188620,78 Šimon Hejda (U),1,1,2,2017/2018,FBC Penguins Praha,Noxa TJ Ruzyně A
0,190306,5 Tomáš Zíval (U),2,2,4,2017/2018,FBC Penguins Praha,FBC LYNX
1,190306,12 Pavel Suchánek (U),1,2,3,2017/2018,FBC Penguins Praha,FBC LYNX
2,190306,17 Vlastislav Brabec (U),1,2,3,2017/2018,FBC Penguins Praha,FBC LYNX
3,190306,18 Karel Hrubý (U),4,0,4,2017/2018,FBC Penguins Praha,FBC LYNX
4,190306,29 František Vršecký (U),0,0,0,2017/2018,FBC Penguins Praha,FBC LYNX
5,190306,42 Pavel Voltner (U),1,2,3,2017/2018,FBC Penguins Praha,FBC LYNX
6,190306,48 Vladimír Hladík (U),2,0,2,2017/2018,FBC Penguins Praha,FBC LYNX
7,190306,77 Vladimír John (U),1,2,3,2017/2018,FBC Penguins Praha,FBC LYNX
8,190306,83 Miloš Loužecký (O),1,1,2,2017/2018,FBC Penguins Praha,FBC LYNX
0,197391,9 Josef Liška (U),1,0,1,2017/2018,FBC Penguins Praha,Fbk Buldoci Radotín B
1,197391,13 Josef Mimráček (U),0,1,1,2017/2018,FBC Penguins Praha,Fbk Buldoci Radotín B
2,197391,18 Zdeněk Jurka (U),0,0,0,2017/2018,FBC Penguins Praha,Fbk Buldoci Radotín B
3,197391,19 Josef Horčička (U),0,0,0,2017/2018,FBC Penguins Praha,Fbk Buldoci Radotín B
4,197391,33 Vojtěch Vašák (U),2,1,3,2017/2018,FBC Penguins Praha,Fbk Buldoci Radotín B
5,197391,58 Jaroslav Matyáš (U),0,0,0,2017/2018,FBC Penguins Praha,Fbk Buldoci Radotín B
6,197391,71 Filip Lukeš (U),1,0,1,2017/2018,FBC Penguins Praha,Fbk Buldoci Radotín B
7,197391,78 Jan Valeš (U),1,1,2,2017/2018,FBC Penguins Praha,Fbk Buldoci Radotín B
8,197391,88 Vít Štejfa (U),0,0,0,2017/2018,FBC Penguins Praha,Fbk Buldoci Radotín B
9,197391,90 David Valeš (U),0,3,3,2017/2018,FBC Penguins Praha,Fbk Buldoci Radotín B
10,197391,91 Patrik Toulec (U),2,1,3,2017/2018,FBC Penguins Praha,Fbk Buldoci Radotín B
0,197395,4 Martin Reichelt (U),0,2,2,2017/2018,FBC Penguins Praha,FBC Uhříněves
1,197395,5 Jan Vocetka (U),0,0,0,2017/2018,FBC Penguins Praha,FBC Uhříněves
2,197395,10 Jiří Havlan (U),0,1,1,2017/2018,FBC Penguins Praha,FBC Uhříněves
3,197395,18 Martin Zelenka (U),2,0,2,2017/2018,FBC Penguins Praha,FBC Uhříněves
4,197395,24 Filip Friedberger (U),0,1,1,2017/2018,FBC Penguins Praha,FBC Uhříněves
5,197395,48 Petr Brabenec (U),1,0,1,2017/2018,FBC Penguins Praha,FBC Uhříněves
6,197395,57 Tomáš Kostinek (O),0,0,0,2017/2018,FBC Penguins Praha,FBC Uhříněves
7,197395,78 Martin Matoška (U),1,0,1,2017/2018,FBC Penguins Praha,FBC Uhříněves
8,197395,88 Lukáš Bárta (U),1,1,2,2017/2018,FBC Penguins Praha,FBC Uhříněves
0,190313,9 Filip Fišer (U),5,1,6,2017/2018,FBC Penguins Praha,PALERMO PŘÍBRAM
1,190313,11 Vít Bohata (U),1,1,2,2017/2018,FBC Penguins Praha,PALERMO PŘÍBRAM
2,190313,14 Tomáš Čajan (U),1,0,1,2017/2018,FBC Penguins Praha,PALERMO PŘÍBRAM
3,190313,16 Aleš Bambas (U),0,4,4,2017/2018,FBC Penguins Praha,PALERMO PŘÍBRAM
4,190313,17 Petr Čepelák (U),1,0,1,2017/2018,FBC Penguins Praha,PALERMO PŘÍBRAM
5,190313,21 Jiří Ureš (U),2,0,2,2017/2018,FBC Penguins Praha,PALERMO PŘÍBRAM
6,190313,31 Kamil Vohradský (U),0,1,1,2017/2018,FBC Penguins Praha,PALERMO PŘÍBRAM
7,190313,43 Aleš Těhle (U),0,1,1,2017/2018,FBC Penguins Praha,PALERMO PŘÍBRAM
8,190313,51 Michal Petrásek (U),2,0,2,2017/2018,FBC Penguins Praha,PALERMO PŘÍBRAM
9,190313,67 Matouš Bolek (U),0,1,1,2017/2018,FBC Penguins Praha,PALERMO PŘÍBRAM
10,190313,91 Lukáš Riegel (U),0,2,2,2017/2018,FBC Penguins Praha,PALERMO PŘÍBRAM
0,199709,2 Jiří Bábek (U),0,0,0,2017/2018,FBC Penguins Praha,FbK 1996 Příbram
1,199709,3 Tomáš Skácel (U),0,0,0,2017/2018,FBC Penguins Praha,FbK 1996 Příbram
2,199709,4 Jaroslav Vlček (U),1,2,3,2017/2018,FBC Penguins Praha,FbK 1996 Příbram
3,199709,5 František Burian (U),0,0,0,2017/2018,FBC Penguins Praha,FbK 1996 Příbram
4,199709,7 Vojtěch Chytka (U),2,0,2,2017/2018,FBC Penguins Praha,FbK 1996 Příbram
5,199709,10 Pavel Zeman (U),3,0,3,2017/2018,FBC Penguins Praha,FbK 1996 Příbram
6,199709,11 Jaroslav Skácel (O),0,3,3,2017/2018,FBC Penguins Praha,FbK 1996 Příbram
7,199709,15 Petr Jačka (U),0,0,0,2017/2018,FBC Penguins Praha,FbK 1996 Příbram
0,202065,2 František Doležal (U),0,0,0,2017/2018,FBC Penguins Praha,TJ Sokol Dobříš B
1,202065,3 Vít Kašpar (U),1,0,1,2017/2018,FBC Penguins Praha,TJ Sokol Dobříš B
2,202065,5 Evžen Teringl (U),0,0,0,2017/2018,FBC Penguins Praha,TJ Sokol Dobříš B
3,202065,6 Petr Veselý (U),0,0,0,2017/2018,FBC Penguins Praha,TJ Sokol Dobříš B
4,202065,7 Michal Rozšafný (U),0,0,0,2017/2018,FBC Penguins Praha,TJ Sokol Dobříš B
5,202065,9 Vladimír Drnec (U),0,2,2,2017/2018,FBC Penguins Praha,TJ Sokol Dobříš B
6,202065,10 Jaroslav Šimek (U),0,0,0,2017/2018,FBC Penguins Praha,TJ Sokol Dobříš B
7,202065,11 Tomáš Krejcárek (U),0,0,0,2017/2018,FBC Penguins Praha,TJ Sokol Dobříš B
8,202065,12 Armand Koten (U),0,0,0,2017/2018,FBC Penguins Praha,TJ Sokol Dobříš B
9,202065,13 David Šiška (U),0,0,0,2017/2018,FBC Penguins Praha,TJ Sokol Dobříš B
10,202065,14 Michal Kolář (U),0,0,0,2017/2018,FBC Penguins Praha,TJ Sokol Dobříš B
11,202065,15 Dominik Bouček (U),1,0,1,2017/2018,FBC Penguins Praha,TJ Sokol Dobříš B
12,202065,16 Pavel Procházka (U),0,0,0,2017/2018,FBC Penguins Praha,TJ Sokol Dobříš B
0,202049,2 Petr Michálek (U),0,1,1,2017/2018,FBC Penguins Praha,F.C. Vorms Praha
1,202049,4 Martin Sýkora (U),1,0,1,2017/2018,FBC Penguins Praha,F.C. Vorms Praha
2,202049,6 Břetislav Klápště (U),1,1,2,2017/2018,FBC Penguins Praha,F.C. Vorms Praha
3,202049,9 Radka Sýkorová (U),0,1,1,2017/2018,FBC Penguins Praha,F.C. Vorms Praha
4,202049,10 Jiří Horáček (U),1,1,2,2017/2018,FBC Penguins Praha,F.C. Vorms Praha
5,202049,14 Pavel Böhm (U),0,1,1,2017/2018,FBC Penguins Praha,F.C. Vorms Praha
6,202049,15 Lukáš Prodan (U),1,0,1,2017/2018,FBC Penguins Praha,F.C. Vorms Praha
7,202049,16 Jan Gonda (U),0,0,0,2017/2018,FBC Penguins Praha,F.C. Vorms Praha
8,202049,17 Jiří Braüer (U),1,1,2,2017/2018,FBC Penguins Praha,F.C. Vorms Praha
9,202049,20 Dávid Nagy (U),1,0,1,2017/2018,FBC Penguins Praha,F.C. Vorms Praha
0,206061,6 Ondřej Šváb (U),1,1,2,2017/2018,FBC Penguins Praha,Noxa TJ Ruzyně A
1,206061,9 Petr Urban (U),3,2,5,2017/2018,FBC Penguins Praha,Noxa TJ Ruzyně A
2,206061,10 David Borovský (U),1,1,2,2017/2018,FBC Penguins Praha,Noxa TJ Ruzyně A
3,206061,11 Martin Kovář (U),0,0,0,2017/2018,FBC Penguins Praha,Noxa TJ Ruzyně A
4,206061,15 František Vlček (U),1,0,1,2017/2018,FBC Penguins Praha,Noxa TJ Ruzyně A
5,206061,18 Martin Tuma (U),0,0,0,2017/2018,FBC Penguins Praha,Noxa TJ Ruzyně A
6,206061,78 Šimon Hejda (U),0,1,1,2017/2018,FBC Penguins Praha,Noxa TJ Ruzyně A
0,206070,3 Martin Dobr (U),0,0,0,2017/2018,FBC Penguins Praha,BLACK ANGELS D DYNAMO
1,206070,9 Jakub Zalubil (U),0,2,2,2017/2018,FBC Penguins Praha,BLACK ANGELS D DYNAMO
2,206070,11 Matej Lelovič (U),0,0,0,2017/2018,FBC Penguins Praha,BLACK ANGELS D DYNAMO
3,206070,26 Jan Sláma (U),3,0,3,2017/2018,FBC Penguins Praha,BLACK ANGELS D DYNAMO
4,206070,37 Jiří Kolínský (O),1,0,1,2017/2018,FBC Penguins Praha,BLACK ANGELS D DYNAMO
5,206070,71 Tomáš Zídek (U),1,1,2,2017/2018,FBC Penguins Praha,BLACK ANGELS D DYNAMO
6,206070,72 Metoděj Krahulec (U),1,0,1,2017/2018,FBC Penguins Praha,BLACK ANGELS D DYNAMO
7,206070,82 Tomáš Lada (U),2,1,3,2017/2018,FBC Penguins Praha,BLACK ANGELS D DYNAMO
8,206070,84 Aleš Vondřejc (U),1,1,2,2017/2018,FBC Penguins Praha,BLACK ANGELS D DYNAMO
9,206070,99 Petr Brimus (U),0,2,2,2017/2018,FBC Penguins Praha,BLACK ANGELS D DYNAMO
0,211408,8 Filip Balek (U),0,1,1,2017/2018,FBC Penguins Praha,PALERMO PŘÍBRAM
1,211408,9 Filip Fišer (U),1,3,4,2017/2018,FBC Penguins Praha,PALERMO PŘÍBRAM
2,211408,10 Aleš Těhle (U),0,0,0,2017/2018,FBC Penguins Praha,PALERMO PŘÍBRAM
3,211408,11 Vít Bohata (U),0,0,0,2017/2018,FBC Penguins Praha,PALERMO PŘÍBRAM
4,211408,16 Aleš Bambas (U),1,2,3,2017/2018,FBC Penguins Praha,PALERMO PŘÍBRAM
5,211408,17 Petr Čepelák (U),1,0,1,2017/2018,FBC Penguins Praha,PALERMO PŘÍBRAM
6,211408,21 Jiří Ureš (U),0,0,0,2017/2018,FBC Penguins Praha,PALERMO PŘÍBRAM
7,211408,31 Kamil Vohradský (U),1,0,1,2017/2018,FBC Penguins Praha,PALERMO PŘÍBRAM
8,211408,51 Michal Petrásek (U),0,0,0,2017/2018,FBC Penguins Praha,PALERMO PŘÍBRAM
9,211408,67 Matouš Bolek (U),2,0,2,2017/2018,FBC Penguins Praha,PALERMO PŘÍBRAM
0,211427,5 Tomáš Zíval (U),0,2,2,2017/2018,FBC Penguins Praha,FBC LYNX
1,211427,10 Jiří Janoušek (U),0,0,0,2017/2018,FBC Penguins Praha,FBC LYNX
2,211427,13 Zdeněk Ulč (U),1,0,1,2017/2018,FBC Penguins Praha,FBC LYNX
3,211427,25 Erik Brümmer (U),0,1,1,2017/2018,FBC Penguins Praha,FBC LYNX
4,211427,48 Vladimír Hladík (U),2,1,3,2017/2018,FBC Penguins Praha,FBC LYNX
5,211427,77 Vladimír John (U),3,1,4,2017/2018,FBC Penguins Praha,FBC LYNX
0,214987,4 Martin Reichelt (U),0,0,0,2017/2018,FBC Penguins Praha,FBC Uhříněves
1,214987,10 Jiří Havlan (U),0,1,1,2017/2018,FBC Penguins Praha,FBC Uhříněves
2,214987,24 Filip Friedberger (U),0,0,0,2017/2018,FBC Penguins Praha,FBC Uhříněves
3,214987,48 Petr Brabenec (U),1,0,1,2017/2018,FBC Penguins Praha,FBC Uhříněves
4,214987,78 Martin Matoška (U),0,0,0,2017/2018,FBC Penguins Praha,FBC Uhříněves
5,214987,88 Lukáš Bárta (U),1,1,2,2017/2018,FBC Penguins Praha,FBC Uhříněves
0,214982,4 Martin Jurka (U),2,0,2,2017/2018,FBC Penguins Praha,Fbk Buldoci Radotín B
1,214982,9 Matěj Novák (U),0,1,1,2017/2018,FBC Penguins Praha,Fbk Buldoci Radotín B
2,214982,11 David Valeš (U),1,0,1,2017/2018,FBC Penguins Praha,Fbk Buldoci Radotín B
3,214982,14 Vojtěch Juran (U),0,1,1,2017/2018,FBC Penguins Praha,Fbk Buldoci Radotín B
4,214982,18 Zdeněk Jurka (U),0,1,1,2017/2018,FBC Penguins Praha,Fbk Buldoci Radotín B
5,214982,19 Josef Horčička (U),0,0,0,2017/2018,FBC Penguins Praha,Fbk Buldoci Radotín B
6,214982,48 Tomáš Košulič (U),0,0,0,2017/2018,FBC Penguins Praha,Fbk Buldoci Radotín B
7,214982,88 Vít Štejfa (U),0,0,0,2017/2018,FBC Penguins Praha,Fbk Buldoci Radotín B
8,214982,91 Patrik Toulec (U),0,0,0,2017/2018,FBC Penguins Praha,Fbk Buldoci Radotín B
0,217306,3 Tomáš Skácel (U),0,0,0,2017/2018,FBC Penguins Praha,FbK 1996 Příbram
1,217306,4 Jaroslav Vlček (U),2,0,2,2017/2018,FBC Penguins Praha,FbK 1996 Příbram
2,217306,5 František Burian (U),0,2,2,2017/2018,FBC Penguins Praha,FbK 1996 Příbram
3,217306,7 Vojtěch Chytka (U),0,1,1,2017/2018,FBC Penguins Praha,FbK 1996 Příbram
4,217306,10 Pavel Zeman (U),3,0,3,2017/2018,FBC Penguins Praha,FbK 1996 Příbram
5,217306,11 Jaroslav Skácel (O),1,3,4,2017/2018,FBC Penguins Praha,FbK 1996 Příbram
6,217306,15 Petr Jačka (U),1,1,2,2017/2018,FBC Penguins Praha,FbK 1996 Příbram
0,222086,4 Jan Egem (O),1,1,2,2018/2019,FBC Penguins Praha,J.B.M. Praha
1,222086,7 Pavel Pohl (O),0,0,0,2018/2019,FBC Penguins Praha,J.B.M. Praha
2,222086,8 Michal Staníček (U),0,1,1,2018/2019,FBC Penguins Praha,J.B.M. Praha
3,222086,12 Pavel Jihlavec (U),0,0,0,2018/2019,FBC Penguins Praha,J.B.M. Praha
4,222086,14 Radovan Doležel (U),0,0,0,2018/2019,FBC Penguins Praha,J.B.M. Praha
5,222086,16 Martin Rotta (O),1,0,1,2018/2019,FBC Penguins Praha,J.B.M. Praha
6,222086,17 Jan Rotta (U),2,0,2,2018/2019,FBC Penguins Praha,J.B.M. Praha
7,222086,20 Tomáš Hájek (U),1,2,3,2018/2019,FBC Penguins Praha,J.B.M. Praha
8,222086,22 Luboš Dopita (O),0,0,0,2018/2019,FBC Penguins Praha,J.B.M. Praha
9,222086,26 Jan Bezpalec (U),0,0,0,2018/2019,FBC Penguins Praha,J.B.M. Praha
10,222086,66 Roman Hergl (U),0,0,0,2018/2019,FBC Penguins Praha,J.B.M. Praha
11,222086,76 Jakub Rokos (U),0,0,0,2018/2019,FBC Penguins Praha,J.B.M. Praha
0,222085,3 Jiří Čihák (U),2,0,2,2018/2019,FBC Penguins Praha,Šneci z Pěšin
1,222085,5 Antonín Klíč (U),0,1,1,2018/2019,FBC Penguins Praha,Šneci z Pěšin
2,222085,6 Vladimír Borůvka (U),0,1,1,2018/2019,FBC Penguins Praha,Šneci z Pěšin
3,222085,17 Ivan Rychetský (U),0,0,0,2018/2019,FBC Penguins Praha,Šneci z Pěšin
4,222085,27 David Suchánek (U),0,0,0,2018/2019,FBC Penguins Praha,Šneci z Pěšin
5,222085,40 Mikuláš Klíč (U),0,1,1,2018/2019,FBC Penguins Praha,Šneci z Pěšin
6,222085,66 Petr Špaček (U),0,1,1,2018/2019,FBC Penguins Praha,Šneci z Pěšin
7,222085,72 Přemysl Vaněk (U),1,0,1,2018/2019,FBC Penguins Praha,Šneci z Pěšin
8,222085,84 Čestmír Brousil (U),1,0,1,2018/2019,FBC Penguins Praha,Šneci z Pěšin
0,225356,3 Lukáš Jirásek (U),2,0,2,2018/2019,FBC Penguins Praha,T.B.C. LUCERN Králův Dvůr C
1,225356,11 Tomáš Vlček (U),0,0,0,2018/2019,FBC Penguins Praha,T.B.C. LUCERN Králův Dvůr C
2,225356,12 Robert Křikava (U),1,0,1,2018/2019,FBC Penguins Praha,T.B.C. LUCERN Králův Dvůr C
3,225356,13 Stanislav Neubauer (O),0,1,1,2018/2019,FBC Penguins Praha,T.B.C. LUCERN Králův Dvůr C
4,225356,15 David Sochor (O),1,0,1,2018/2019,FBC Penguins Praha,T.B.C. LUCERN Králův Dvůr C
5,225356,22 Petr Kubuš (U),0,0,0,2018/2019,FBC Penguins Praha,T.B.C. LUCERN Králův Dvůr C
6,225356,24 Ladislav Griga (O),1,0,1,2018/2019,FBC Penguins Praha,T.B.C. LUCERN Králův Dvůr C
7,225356,66 Dominik Vyštejn (O),0,1,1,2018/2019,FBC Penguins Praha,T.B.C. LUCERN Králův Dvůr C
8,225356,75 Petr Kasal (O),0,1,1,2018/2019,FBC Penguins Praha,T.B.C. LUCERN Králův Dvůr C
9,225356,81 Karel Němec (U),0,0,0,2018/2019,FBC Penguins Praha,T.B.C. LUCERN Králův Dvůr C
0,225354,13 Václav Östereicher (O),0,0,0,2018/2019,FBC Penguins Praha,GLADIATOR TEAM BEROUN
1,225354,14 Martin Olšiak (O),0,0,0,2018/2019,FBC Penguins Praha,GLADIATOR TEAM BEROUN
2,225354,16 Radim Onderka (U),2,0,2,2018/2019,FBC Penguins Praha,GLADIATOR TEAM BEROUN
3,225354,18 Daniel Rajtr (U),0,2,2,2018/2019,FBC Penguins Praha,GLADIATOR TEAM BEROUN
4,225354,21 Marek Toráč (U),0,0,0,2018/2019,FBC Penguins Praha,GLADIATOR TEAM BEROUN
5,225354,23 Lukáš Žiga (U),0,0,0,2018/2019,FBC Penguins Praha,GLADIATOR TEAM BEROUN
6,225354,44 Martin Östereicher (U),0,0,0,2018/2019,FBC Penguins Praha,GLADIATOR TEAM BEROUN
7,225354,66 Jan Mičko (U),0,0,0,2018/2019,FBC Penguins Praha,GLADIATOR TEAM BEROUN
8,225354,88 Lukáš Kováříček (U),0,0,0,2018/2019,FBC Penguins Praha,GLADIATOR TEAM BEROUN
0,229020,15 Tomáš Moučka (U),0,1,1,2018/2019,FBC Penguins Praha,TJ Lokomotiva Rakovník B
1,229020,18 Jakub Šik (U),0,0,0,2018/2019,FBC Penguins Praha,TJ Lokomotiva Rakovník B
2,229020,22 Karel Trochta (U),0,0,0,2018/2019,FBC Penguins Praha,TJ Lokomotiva Rakovník B
3,229020,24 Vít Němeček (U),2,0,2,2018/2019,FBC Penguins Praha,TJ Lokomotiva Rakovník B
4,229020,25 Tomáš Jirásek (U),0,1,1,2018/2019,FBC Penguins Praha,TJ Lokomotiva Rakovník B
5,229020,28 Tomáš Erba (U),0,0,0,2018/2019,FBC Penguins Praha,TJ Lokomotiva Rakovník B
6,229020,32 Jan Jiroušek (U),0,1,1,2018/2019,FBC Penguins Praha,TJ Lokomotiva Rakovník B
7,229020,33 Jiří Tuček (U),0,0,0,2018/2019,FBC Penguins Praha,TJ Lokomotiva Rakovník B
8,229020,66 Petr Ježek (U),0,0,0,2018/2019,FBC Penguins Praha,TJ Lokomotiva Rakovník B
9,229020,69 Lukáš Pyskatý (U),1,0,1,2018/2019,FBC Penguins Praha,TJ Lokomotiva Rakovník B
10,229020,70 Martin Fencl (O),0,0,0,2018/2019,FBC Penguins Praha,TJ Lokomotiva Rakovník B
0,229018,2 Jiří Novák (O),0,0,0,2018/2019,FBC Penguins Praha,FBC DYNAMIS B
1,229018,6 David Martynek (U),1,1,2,2018/2019,FBC Penguins Praha,FBC DYNAMIS B
2,229018,7 Tomáš Kadlec (U),0,0,0,2018/2019,FBC Penguins Praha,FBC DYNAMIS B
3,229018,15 Marek Šesták (U),0,1,1,2018/2019,FBC Penguins Praha,FBC DYNAMIS B
4,229018,17 Lukáš Chramosil (U),1,1,2,2018/2019,FBC Penguins Praha,FBC DYNAMIS B
5,229018,27 Zdeněk Podzemný (U),1,0,1,2018/2019,FBC Penguins Praha,FBC DYNAMIS B
6,229018,33 David Wurst (U),0,1,1,2018/2019,FBC Penguins Praha,FBC DYNAMIS B
7,229018,55 Vít Zahradník (U),1,0,1,2018/2019,FBC Penguins Praha,FBC DYNAMIS B
8,229018,66 Karel Trnobranský (U),0,0,0,2018/2019,FBC Penguins Praha,FBC DYNAMIS B
0,234993,4 Vojtěch Volprecht (U),0,0,0,2018/2019,FBC Penguins Praha,FBC JELENI UNHOŠŤ
1,234993,7 Vojtěch Mičín (U),1,1,2,2018/2019,FBC Penguins Praha,FBC JELENI UNHOŠŤ
2,234993,8 Zdeněk Hromota (U),0,0,0,2018/2019,FBC Penguins Praha,FBC JELENI UNHOŠŤ
3,234993,12 Petr Rosička (U),0,0,0,2018/2019,FBC Penguins Praha,FBC JELENI UNHOŠŤ
4,234993,14 Martin Jonák (U),0,0,0,2018/2019,FBC Penguins Praha,FBC JELENI UNHOŠŤ
5,234993,17 Jakub Kolanda (U),0,0,0,2018/2019,FBC Penguins Praha,FBC JELENI UNHOŠŤ
6,234993,26 Jindřich Hanousek (U),0,0,0,2018/2019,FBC Penguins Praha,FBC JELENI UNHOŠŤ
7,234993,29 Zdeněk Fryš (O),0,0,0,2018/2019,FBC Penguins Praha,FBC JELENI UNHOŠŤ
8,234993,62 Michal Chyba (U),0,0,0,2018/2019,FBC Penguins Praha,FBC JELENI UNHOŠŤ
9,234993,69 Richard Hurt (U),1,1,2,2018/2019,FBC Penguins Praha,FBC JELENI UNHOŠŤ
10,234993,77 Martin Mayer (U),0,0,0,2018/2019,FBC Penguins Praha,FBC JELENI UNHOŠŤ
11,234993,78 Lukáš Mendlík (U),0,0,0,2018/2019,FBC Penguins Praha,FBC JELENI UNHOŠŤ
12,234993,85 Rudolf Neliba (U),0,0,0,2018/2019,FBC Penguins Praha,FBC JELENI UNHOŠŤ
0,235067,4 Martin Reichelt (U),0,0,0,2018/2019,FBC Penguins Praha,FBC Uhříněves
1,235067,9 Mika Huhmarniemi (U),0,1,1,2018/2019,FBC Penguins Praha,FBC Uhříněves
2,235067,10 Jiří Havlan (U),0,0,0,2018/2019,FBC Penguins Praha,FBC Uhříněves
3,235067,22 Zdeněk Bělík (U),0,0,0,2018/2019,FBC Penguins Praha,FBC Uhříněves
4,235067,24 Filip Friedberger (U),0,0,0,2018/2019,FBC Penguins Praha,FBC Uhříněves
5,235067,27 Jakub Kras (U),0,0,0,2018/2019,FBC Penguins Praha,FBC Uhříněves
6,235067,48 Petr Brabenec (U),0,1,1,2018/2019,FBC Penguins Praha,FBC Uhříněves
7,235067,57 Ondřej Kulka (U),2,0,2,2018/2019,FBC Penguins Praha,FBC Uhříněves
8,235067,78 Martin Matoška (U),0,0,0,2018/2019,FBC Penguins Praha,FBC Uhříněves
9,235067,88 Lukáš Bárta (U),0,0,0,2018/2019,FBC Penguins Praha,FBC Uhříněves
0,237790,4 Patrik Brabec (U),0,0,0,2018/2019,FBC Penguins Praha,TJ Lokomotiva Rakovník B
1,237790,6 Zdeněk Tomek (U),1,1,2,2018/2019,FBC Penguins Praha,TJ Lokomotiva Rakovník B
2,237790,22 Karel Trochta (U),0,2,2,2018/2019,FBC Penguins Praha,TJ Lokomotiva Rakovník B
3,237790,28 Tomáš Erba (U),0,0,0,2018/2019,FBC Penguins Praha,TJ Lokomotiva Rakovník B
4,237790,33 Jiří Tuček (U),2,0,2,2018/2019,FBC Penguins Praha,TJ Lokomotiva Rakovník B
5,237790,48 Jan Tomiška (U),0,1,1,2018/2019,FBC Penguins Praha,TJ Lokomotiva Rakovník B
6,237790,66 Petr Ježek (U),3,1,4,2018/2019,FBC Penguins Praha,TJ Lokomotiva Rakovník B
7,237790,70 Martin Fencl (O),0,0,0,2018/2019,FBC Penguins Praha,TJ Lokomotiva Rakovník B
8,237790,88 Václav Vích (U),0,1,1,2018/2019,FBC Penguins Praha,TJ Lokomotiva Rakovník B
0,237788,3 Jiří Čihák (U),2,1,3,2018/2019,FBC Penguins Praha,Šneci z Pěšin
1,237788,6 Vladimír Borůvka (O),0,1,1,2018/2019,FBC Penguins Praha,Šneci z Pěšin
2,237788,15 Pavel Trampota (U),2,2,4,2018/2019,FBC Penguins Praha,Šneci z Pěšin
3,237788,27 David Suchánek (U),2,2,4,2018/2019,FBC Penguins Praha,Šneci z Pěšin
4,237788,30 Lukáš Trampota (U),3,1,4,2018/2019,FBC Penguins Praha,Šneci z Pěšin
5,237788,40 Mikuláš Klíč (O),0,1,1,2018/2019,FBC Penguins Praha,Šneci z Pěšin
6,237788,66 Petr Špaček (U),1,0,1,2018/2019,FBC Penguins Praha,Šneci z Pěšin
7,237788,69 Jakub Mikeš (O),0,0,0,2018/2019,FBC Penguins Praha,Šneci z Pěšin
8,237788,72 Přemysl Vaněk (O),0,1,1,2018/2019,FBC Penguins Praha,Šneci z Pěšin
9,237788,85 Ondřej Loška (U),2,1,3,2018/2019,FBC Penguins Praha,Šneci z Pěšin
0,241681,4 Jakub Mádr (O),0,1,1,2018/2019,FBC Penguins Praha,FBC Ressler boys
1,241681,8 Filip Weber (O),0,0,0,2018/2019,FBC Penguins Praha,FBC Ressler boys
2,241681,12 Adam Bardún (U),0,0,0,2018/2019,FBC Penguins Praha,FBC Ressler boys
3,241681,13 Marek Václavík (U),0,1,1,2018/2019,FBC Penguins Praha,FBC Ressler boys
4,241681,14 Roman Žampach (U),0,0,0,2018/2019,FBC Penguins Praha,FBC Ressler boys
5,241681,21 Štefan Záležák (U),1,0,1,2018/2019,FBC Penguins Praha,FBC Ressler boys
6,241681,61 Pavel Trbušek (U),0,0,0,2018/2019,FBC Penguins Praha,FBC Ressler boys
7,241681,77 Ctibor Chmelař (U),2,0,2,2018/2019,FBC Penguins Praha,FBC Ressler boys
8,241681,88 Michal Rosí (U),1,0,1,2018/2019,FBC Penguins Praha,FBC Ressler boys
9,241681,94 Jan Hanuš (U),1,1,2,2018/2019,FBC Penguins Praha,FBC Ressler boys
0,241680,6 Martin Hruška (U),0,1,1,2018/2019,FBC Penguins Praha,FBK Vosy Praha DDM P2 B
1,241680,7 Lukáš Veselý (U),0,0,0,2018/2019,FBC Penguins Praha,FBK Vosy Praha DDM P2 B
2,241680,8 Michael Dvořák (U),1,1,2,2018/2019,FBC Penguins Praha,FBK Vosy Praha DDM P2 B
3,241680,10 Teodor Kandilarov (U),1,0,1,2018/2019,FBC Penguins Praha,FBK Vosy Praha DDM P2 B
4,241680,11 Lukáš Tretera (U),0,1,1,2018/2019,FBC Penguins Praha,FBK Vosy Praha DDM P2 B
5,241680,12 Tomáš Kaňka (O),0,1,1,2018/2019,FBC Penguins Praha,FBK Vosy Praha DDM P2 B
6,241680,13 Šimon Pospíšil (O),0,0,0,2018/2019,FBC Penguins Praha,FBK Vosy Praha DDM P2 B
7,241680,14 Vojtěch Roun (U),1,0,1,2018/2019,FBC Penguins Praha,FBK Vosy Praha DDM P2 B
8,241680,16 Jan Miler (U),0,0,0,2018/2019,FBC Penguins Praha,FBK Vosy Praha DDM P2 B
9,241680,26 Robin Franče (U),1,0,1,2018/2019,FBC Penguins Praha,FBK Vosy Praha DDM P2 B
0,244649,2 Jiří Novák (O),0,0,0,2018/2019,FBC Penguins Praha,FBC DYNAMIS B
1,244649,6 David Martynek (U),1,0,1,2018/2019,FBC Penguins Praha,FBC DYNAMIS B
2,244649,9 Jan Tetiva (U),1,0,1,2018/2019,FBC Penguins Praha,FBC DYNAMIS B
3,244649,17 Lukáš Chramosil (U),0,0,0,2018/2019,FBC Penguins Praha,FBC DYNAMIS B
4,244649,55 Vít Zahradník (U),0,0,0,2018/2019,FBC Penguins Praha,FBC DYNAMIS B
5,244649,66 Karel Trnobranský (U),0,0,0,2018/2019,FBC Penguins Praha,FBC DYNAMIS B
6,244649,89 Daniel Koleška (U),0,0,0,2018/2019,FBC Penguins Praha,FBC DYNAMIS B
0,244647,7 Pavel Pohl (O),0,0,0,2018/2019,FBC Penguins Praha,J.B.M. Praha
1,244647,14 Radovan Doležel (U),0,1,1,2018/2019,FBC Penguins Praha,J.B.M. Praha
2,244647,16 Martin Rotta (O),1,0,1,2018/2019,FBC Penguins Praha,J.B.M. Praha
3,244647,17 Jan Rotta (U),0,0,0,2018/2019,FBC Penguins Praha,J.B.M. Praha
4,244647,20 Tomáš Hájek (U),1,0,1,2018/2019,FBC Penguins Praha,J.B.M. Praha
5,244647,66 Roman Hergl (U),0,0,0,2018/2019,FBC Penguins Praha,J.B.M. Praha
6,244647,76 Jakub Rokos (U),0,1,1,2018/2019,FBC Penguins Praha,J.B.M. Praha
0,247469,4 Vojtěch Volprecht (U),0,0,0,2018/2019,FBC Penguins Praha,FBC JELENI UNHOŠŤ
1,247469,7 Vojtěch Mičín (U),0,0,0,2018/2019,FBC Penguins Praha,FBC JELENI UNHOŠŤ
2,247469,8 Zdeněk Hromota (U),1,0,1,2018/2019,FBC Penguins Praha,FBC JELENI UNHOŠŤ
3,247469,12 Petr Rosička (U),0,0,0,2018/2019,FBC Penguins Praha,FBC JELENI UNHOŠŤ
4,247469,13 Vojtěch Wilham (U),0,1,1,2018/2019,FBC Penguins Praha,FBC JELENI UNHOŠŤ
5,247469,14 Martin Jonák (U),0,0,0,2018/2019,FBC Penguins Praha,FBC JELENI UNHOŠŤ
6,247469,17 Jakub Kolanda (U),0,0,0,2018/2019,FBC Penguins Praha,FBC JELENI UNHOŠŤ
7,247469,20 Ondřej Míka (U),1,0,1,2018/2019,FBC Penguins Praha,FBC JELENI UNHOŠŤ
8,247469,26 Jindřich Hanousek (U),0,0,0,2018/2019,FBC Penguins Praha,FBC JELENI UNHOŠŤ
9,247469,29 Zdeněk Fryš (O),0,0,0,2018/2019,FBC Penguins Praha,FBC JELENI UNHOŠŤ
10,247469,47 Milan Kříž (U),0,0,0,2018/2019,FBC Penguins Praha,FBC JELENI UNHOŠŤ
11,247469,69 Richard Hurt (U),0,1,1,2018/2019,FBC Penguins Praha,FBC JELENI UNHOŠŤ
12,247469,78 Lukáš Mendlík (U),0,0,0,2018/2019,FBC Penguins Praha,FBC JELENI UNHOŠŤ
0,247467,4 Martin Reichelt (U),0,0,0,2018/2019,FBC Penguins Praha,FBC Uhříněves
1,247467,9 Mika Huhmarniemi (U),0,0,0,2018/2019,FBC Penguins Praha,FBC Uhříněves
2,247467,10 Jiří Havlan (U),0,1,1,2018/2019,FBC Penguins Praha,FBC Uhříněves
3,247467,18 Martin Zelenka (U),0,0,0,2018/2019,FBC Penguins Praha,FBC Uhříněves
4,247467,22 Zdeněk Bělík (U),0,0,0,2018/2019,FBC Penguins Praha,FBC Uhříněves
5,247467,24 Filip Friedberger (U),0,1,1,2018/2019,FBC Penguins Praha,FBC Uhříněves
6,247467,27 Jakub Kras (U),0,0,0,2018/2019,FBC Penguins Praha,FBC Uhříněves
7,247467,48 Petr Brabenec (U),0,0,0,2018/2019,FBC Penguins Praha,FBC Uhříněves
8,247467,57 Ondřej Kulka (U),0,0,0,2018/2019,FBC Penguins Praha,FBC Uhříněves
9,247467,78 Martin Matoška (U),0,0,0,2018/2019,FBC Penguins Praha,FBC Uhříněves
10,247467,88 Lukáš Bárta (U),2,0,2,2018/2019,FBC Penguins Praha,FBC Uhříněves
0,233120,8 Filip Weber (O),0,0,0,2018/2019,FBC Penguins Praha,FBC Ressler boys
1,233120,13 Marek Václavík (U),1,0,1,2018/2019,FBC Penguins Praha,FBC Ressler boys
2,233120,14 Roman Žampach (U),0,0,0,2018/2019,FBC Penguins Praha,FBC Ressler boys
3,233120,17 Radek Mošnička (U),0,2,2,2018/2019,FBC Penguins Praha,FBC Ressler boys
4,233120,61 Pavel Trbušek (U),0,0,0,2018/2019,FBC Penguins Praha,FBC Ressler boys
5,233120,77 Ctibor Chmelař (U),1,1,2,2018/2019,FBC Penguins Praha,FBC Ressler boys
6,233120,88 Michal Rosí (U),0,0,0,2018/2019,FBC Penguins Praha,FBC Ressler boys
7,233120,94 Štefan Záležák (U),2,0,2,2018/2019,FBC Penguins Praha,FBC Ressler boys
0,250974,3 Lukáš Jirásek (U),1,1,2,2018/2019,FBC Penguins Praha,T.B.C. LUCERN Králův Dvůr C
1,250974,8 Pavel Paulát (U),0,0,0,2018/2019,FBC Penguins Praha,T.B.C. LUCERN Králův Dvůr C
2,250974,11 Tomáš Vlček (U),1,1,2,2018/2019,FBC Penguins Praha,T.B.C. LUCERN Králův Dvůr C
3,250974,22 Petr Kubuš (U),1,1,2,2018/2019,FBC Penguins Praha,T.B.C. LUCERN Králův Dvůr C
4,250974,24 Ladislav Griga (O),0,0,0,2018/2019,FBC Penguins Praha,T.B.C. LUCERN Králův Dvůr C
5,250974,54 Jaroslav Nedbal (U),0,0,0,2018/2019,FBC Penguins Praha,T.B.C. LUCERN Králův Dvůr C
6,250974,67 Tomáš Balej (O),0,0,0,2018/2019,FBC Penguins Praha,T.B.C. LUCERN Králův Dvůr C
7,250974,72 Jakub Uhřík (O),1,0,1,2018/2019,FBC Penguins Praha,T.B.C. LUCERN Králův Dvůr C
8,250974,75 Petr Kasal (O),0,0,0,2018/2019,FBC Penguins Praha,T.B.C. LUCERN Králův Dvůr C
9,250974,81 Karel Němec (U),0,0,0,2018/2019,FBC Penguins Praha,T.B.C. LUCERN Králův Dvůr C
10,250974,84 Lukáš Provázek (U),0,0,0,2018/2019,FBC Penguins Praha,T.B.C. LUCERN Králův Dvůr C
11,250974,96 Tomáš Knejp (U),0,0,0,2018/2019,FBC Penguins Praha,T.B.C. LUCERN Králův Dvůr C
0,252765,7 Michal Petrbok (O),0,0,0,2018/2019,FBC Penguins Praha,GLADIATOR TEAM BEROUN
1,252765,10 Bořek Sláma (U),1,2,3,2018/2019,FBC Penguins Praha,GLADIATOR TEAM BEROUN
2,252765,11 Jiří Svoboda (U),0,0,0,2018/2019,FBC Penguins Praha,GLADIATOR TEAM BEROUN
3,252765,13 Václav Östereicher (U),0,0,0,2018/2019,FBC Penguins Praha,GLADIATOR TEAM BEROUN
4,252765,16 Radim Onderka (U),3,0,3,2018/2019,FBC Penguins Praha,GLADIATOR TEAM BEROUN
5,252765,21 Marek Toráč (U),0,0,0,2018/2019,FBC Penguins Praha,GLADIATOR TEAM BEROUN
6,252765,23 Lukáš Žiga (U),0,1,1,2018/2019,FBC Penguins Praha,GLADIATOR TEAM BEROUN
7,252765,39 Jiří Heřman (U),0,0,0,2018/2019,FBC Penguins Praha,GLADIATOR TEAM BEROUN
8,252765,44 Martin Östereicher (U),0,0,0,2018/2019,FBC Penguins Praha,GLADIATOR TEAM BEROUN
9,252765,66 Jan Mičko (U),0,0,0,2018/2019,FBC Penguins Praha,GLADIATOR TEAM BEROUN
10,252765,73 Jan Vrba (O),0,0,0,2018/2019,FBC Penguins Praha,GLADIATOR TEAM BEROUN
0,252762,7 Lukáš Veselý (U),0,0,0,2018/2019,FBC Penguins Praha,FBK Vosy Praha DDM P2 B
1,252762,8 Michael Dvořák (U),0,1,1,2018/2019,FBC Penguins Praha,FBK Vosy Praha DDM P2 B
2,252762,9 Šimon Krbec (U),0,0,0,2018/2019,FBC Penguins Praha,FBK Vosy Praha DDM P2 B
3,252762,11 Lukáš Tretera (U),0,0,0,2018/2019,FBC Penguins Praha,FBK Vosy Praha DDM P2 B
4,252762,12 Tomáš Kaňka (U),0,0,0,2018/2019,FBC Penguins Praha,FBK Vosy Praha DDM P2 B
5,252762,14 Tomáš Mráz (U),0,0,0,2018/2019,FBC Penguins Praha,FBK Vosy Praha DDM P2 B
6,252762,17 Vojtěch Roun (U),0,0,0,2018/2019,FBC Penguins Praha,FBK Vosy Praha DDM P2 B
7,252762,22 Adam Schindler (U),0,0,0,2018/2019,FBC Penguins Praha,FBK Vosy Praha DDM P2 B
8,252762,26 Robin Franče (U),1,0,1,2018/2019,FBC Penguins Praha,FBK Vosy Praha DDM P2 B
9,252762,36 Jan Miler (U),0,0,0,2018/2019,FBC Penguins Praha,FBK Vosy Praha DDM P2 B
0,258459,2 Jakub Kvasnička (U),0,0,0,2019/2020,FBC Penguins Praha,Orka Čelákovice B
1,258459,4 Kamil Vacek (U),0,0,0,2019/2020,FBC Penguins Praha,Orka Čelákovice B
2,258459,9 Matěj Cyrin (U),0,2,2,2019/2020,FBC Penguins Praha,Orka Čelákovice B
3,258459,13 Tomáš Pezl (U),0,1,1,2019/2020,FBC Penguins Praha,Orka Čelákovice B
4,258459,22 Martin Mikšovský (U),2,2,4,2019/2020,FBC Penguins Praha,Orka Čelákovice B
5,258459,50 Jan Mitka (U),3,1,4,2019/2020,FBC Penguins Praha,Orka Čelákovice B
6,258459,57 Lukáš Kubík (U),2,0,2,2019/2020,FBC Penguins Praha,Orka Čelákovice B
7,258459,58 Petr Veselý (U),0,1,1,2019/2020,FBC Penguins Praha,Orka Čelákovice B
8,258459,66 Ondřej Čech (U),0,0,0,2019/2020,FBC Penguins Praha,Orka Čelákovice B
9,258459,81 Tomáš Sadil (U),0,0,0,2019/2020,FBC Penguins Praha,Orka Čelákovice B
0,258090,6 Jaroslav Hostin (U),1,1,2,2019/2020,FBC Penguins Praha,FAT PIPE FLORBAL CHODOV C
1,258090,12 Ivo Čechman (U),0,0,0,2019/2020,FBC Penguins Praha,FAT PIPE FLORBAL CHODOV C
2,258090,16 Ondřej Turek (U),0,0,0,2019/2020,FBC Penguins Praha,FAT PIPE FLORBAL CHODOV C
3,258090,27 Ondřej Světlý (U),0,0,0,2019/2020,FBC Penguins Praha,FAT PIPE FLORBAL CHODOV C
4,258090,44 Josef Světlý (U),2,1,3,2019/2020,FBC Penguins Praha,FAT PIPE FLORBAL CHODOV C
5,258090,76 Martin Kovář (U),1,3,4,2019/2020,FBC Penguins Praha,FAT PIPE FLORBAL CHODOV C
6,258090,91 Jakub Špalek (U),0,0,0,2019/2020,FBC Penguins Praha,FAT PIPE FLORBAL CHODOV C
7,258090,92 Martin Blažek (U),1,0,1,2019/2020,FBC Penguins Praha,FAT PIPE FLORBAL CHODOV C
8,258090,93 Josef Chvojka (U),3,0,3,2019/2020,FBC Penguins Praha,FAT PIPE FLORBAL CHODOV C
0,261060,2 Vojtěch Pejša (O),0,0,0,2019/2020,FBC Penguins Praha,FBK Vosy Praha DDM P2 B
1,261060,3 Matyáš Marek (O),0,0,0,2019/2020,FBC Penguins Praha,FBK Vosy Praha DDM P2 B
2,261060,4 Filip Kolařík (U),0,1,1,2019/2020,FBC Penguins Praha,FBK Vosy Praha DDM P2 B
3,261060,10 Adam Hudlička (U),0,1,1,2019/2020,FBC Penguins Praha,FBK Vosy Praha DDM P2 B
4,261060,11 Miroslav Čadský (U),1,1,2,2019/2020,FBC Penguins Praha,FBK Vosy Praha DDM P2 B
5,261060,13 Jiří Krbec (O),1,1,2,2019/2020,FBC Penguins Praha,FBK Vosy Praha DDM P2 B
6,261060,14 Marek Vlasák (U),1,1,2,2019/2020,FBC Penguins Praha,FBK Vosy Praha DDM P2 B
7,261060,15 David Šnejdar (U),1,0,1,2019/2020,FBC Penguins Praha,FBK Vosy Praha DDM P2 B
8,261060,20 Tomáš Medřický (U),3,0,3,2019/2020,FBC Penguins Praha,FBK Vosy Praha DDM P2 B
9,261060,23 Teodor Kandilarov (O),0,1,1,2019/2020,FBC Penguins Praha,FBK Vosy Praha DDM P2 B
0,261055,7 Lukáš Svoboda (U),1,1,2,2019/2020,FBC Penguins Praha,Sport Kolín Pátečníci
1,261055,14 Tomáš Pácal (U),1,1,2,2019/2020,FBC Penguins Praha,Sport Kolín Pátečníci
2,261055,19 Jan Urban (U),1,0,1,2019/2020,FBC Penguins Praha,Sport Kolín Pátečníci
3,261055,21 Martin Musil (U),0,1,1,2019/2020,FBC Penguins Praha,Sport Kolín Pátečníci
4,261055,33 Lukáš Spal (O),0,0,0,2019/2020,FBC Penguins Praha,Sport Kolín Pátečníci
5,261055,35 Jan Marek (U),2,1,3,2019/2020,FBC Penguins Praha,Sport Kolín Pátečníci
6,261055,40 Michal Miĺo (U),0,1,1,2019/2020,FBC Penguins Praha,Sport Kolín Pátečníci
7,261055,47 Tomáš Maršon (U),1,2,3,2019/2020,FBC Penguins Praha,Sport Kolín Pátečníci
8,261055,50 Jakub Tykal (U),0,0,0,2019/2020,FBC Penguins Praha,Sport Kolín Pátečníci
9,261055,71 Milan Ježek (U),3,0,3,2019/2020,FBC Penguins Praha,Sport Kolín Pátečníci
0,263313,7 Tomáš Roller (U),0,0,0,2019/2020,FBC Penguins Praha,FBC Snipers Poděbrady
1,263313,9 Josef Sadil (U),0,0,0,2019/2020,FBC Penguins Praha,FBC Snipers Poděbrady
2,263313,10 Michal Pivoňka (U),0,0,0,2019/2020,FBC Penguins Praha,FBC Snipers Poděbrady
3,263313,16 Jan Hruška (U),0,0,0,2019/2020,FBC Penguins Praha,FBC Snipers Poděbrady
4,263313,20 Jan Schorný (U),1,0,1,2019/2020,FBC Penguins Praha,FBC Snipers Poděbrady
5,263313,23 Lukáš Kaván (U),0,0,0,2019/2020,FBC Penguins Praha,FBC Snipers Poděbrady
6,263313,27 Bohumil Fendrych (U),0,0,0,2019/2020,FBC Penguins Praha,FBC Snipers Poděbrady
7,263313,28 Martin Wolf (U),2,0,2,2019/2020,FBC Penguins Praha,FBC Snipers Poděbrady
8,263313,66 Adam Šmejkal (U),1,1,2,2019/2020,FBC Penguins Praha,FBC Snipers Poděbrady
9,263313,73 Radek Petrnoušek (U),0,3,3,2019/2020,FBC Penguins Praha,FBC Snipers Poděbrady
0,263310,2 Miroslav Purkrábek (U),1,1,2,2019/2020,FBC Penguins Praha,ASI Torza Sorry
1,263310,3 Pavel Doubek (O),0,3,3,2019/2020,FBC Penguins Praha,ASI Torza Sorry
2,263310,4 Martin Hovořák (U),1,0,1,2019/2020,FBC Penguins Praha,ASI Torza Sorry
3,263310,5 Jan Strnad (U),2,2,4,2019/2020,FBC Penguins Praha,ASI Torza Sorry
4,263310,6 Jan Buchta (U),4,0,4,2019/2020,FBC Penguins Praha,ASI Torza Sorry
5,263310,15 Vilém Svoboda (U),0,0,0,2019/2020,FBC Penguins Praha,ASI Torza Sorry
6,263310,16 Ondřej Zamazal (O),0,1,1,2019/2020,FBC Penguins Praha,ASI Torza Sorry
7,263310,19 Petr Antuš (U),0,0,0,2019/2020,FBC Penguins Praha,ASI Torza Sorry
8,263310,20 Josef Němeček (U),0,0,0,2019/2020,FBC Penguins Praha,ASI Torza Sorry
0,267256,2 Jakub Kvasnička (U),0,1,1,2019/2020,FBC Penguins Praha,Orka Čelákovice B
1,267256,4 Kamil Vacek (U),0,1,1,2019/2020,FBC Penguins Praha,Orka Čelákovice B
2,267256,8 Martin Šťastný (U),3,0,3,2019/2020,FBC Penguins Praha,Orka Čelákovice B
3,267256,13 Tomáš Pezl (U),0,0,0,2019/2020,FBC Penguins Praha,Orka Čelákovice B
4,267256,22 Martin Mikšovský (U),0,1,1,2019/2020,FBC Penguins Praha,Orka Čelákovice B
5,267256,50 Jan Mitka (U),1,1,2,2019/2020,FBC Penguins Praha,Orka Čelákovice B
6,267256,57 Lukáš Kubík (U),2,1,3,2019/2020,FBC Penguins Praha,Orka Čelákovice B
7,267256,68 Matěj Čech (U),0,1,1,2019/2020,FBC Penguins Praha,Orka Čelákovice B
8,267256,76 Jiří Marvan (U),0,0,0,2019/2020,FBC Penguins Praha,Orka Čelákovice B
9,267256,81 Tomáš Sadil (U),2,1,3,2019/2020,FBC Penguins Praha,Orka Čelákovice B
0,267257,11 Pavel Němejc (U),0,1,1,2019/2020,FBC Penguins Praha,FBC VŠTJ Ekonom Praha
1,267257,13 Michal Trunkát (U),0,1,1,2019/2020,FBC Penguins Praha,FBC VŠTJ Ekonom Praha
2,267257,16 Martin Brodík (U),1,1,2,2019/2020,FBC Penguins Praha,FBC VŠTJ Ekonom Praha
3,267257,17 Jan Daněček (U),2,1,3,2019/2020,FBC Penguins Praha,FBC VŠTJ Ekonom Praha
4,267257,55 Tomáš Špinka (U),1,3,4,2019/2020,FBC Penguins Praha,FBC VŠTJ Ekonom Praha
5,267257,66 Jan Galgonek (U),2,1,3,2019/2020,FBC Penguins Praha,FBC VŠTJ Ekonom Praha
6,267257,67 Jiří Tabáček (U),0,0,0,2019/2020,FBC Penguins Praha,FBC VŠTJ Ekonom Praha
7,267257,71 Matyáš Troup (U),2,0,2,2019/2020,FBC Penguins Praha,FBC VŠTJ Ekonom Praha
8,267257,81 Kamil Jiránek (U),2,0,2,2019/2020,FBC Penguins Praha,FBC VŠTJ Ekonom Praha
9,267257,98 Roman Tůma (U),0,1,1,2019/2020,FBC Penguins Praha,FBC VŠTJ Ekonom Praha
0,271089,3 Richard Iltis (U),1,0,1,2019/2020,FBC Penguins Praha,Prague Tigers C
1,271089,4 David Hanuš (U),1,1,2,2019/2020,FBC Penguins Praha,Prague Tigers C
2,271089,23 Tomáš Novotný (U),0,0,0,2019/2020,FBC Penguins Praha,Prague Tigers C
3,271089,25 Jakub Pražák (O),0,0,0,2019/2020,FBC Penguins Praha,Prague Tigers C
4,271089,38 Dung Nguyen Thanh (U),0,1,1,2019/2020,FBC Penguins Praha,Prague Tigers C
5,271089,44 Petr Jakubec (U),0,0,0,2019/2020,FBC Penguins Praha,Prague Tigers C
6,271089,69 Jakub Janda (U),1,0,1,2019/2020,FBC Penguins Praha,Prague Tigers C
7,271089,78 Roman Eder (U),0,0,0,2019/2020,FBC Penguins Praha,Prague Tigers C
8,271089,81 Jiří Sobotka (U),0,1,1,2019/2020,FBC Penguins Praha,Prague Tigers C
9,271089,84 Jan Fencík (U),2,0,2,2019/2020,FBC Penguins Praha,Prague Tigers C
0,271087,7 Tomáš Roller (U),0,0,0,2019/2020,FBC Penguins Praha,FBC Snipers Poděbrady
1,271087,10 Michal Pivoňka (U),0,3,3,2019/2020,FBC Penguins Praha,FBC Snipers Poděbrady
2,271087,23 Martin Wolf (U),0,0,0,2019/2020,FBC Penguins Praha,FBC Snipers Poděbrady
3,271087,66 Adam Šmejkal (U),0,1,1,2019/2020,FBC Penguins Praha,FBC Snipers Poděbrady
4,271087,73 Radek Petrnoušek (U),4,0,4,2019/2020,FBC Penguins Praha,FBC Snipers Poděbrady
0,273338,2 Miroslav Purkrábek (O),1,0,1,2019/2020,FBC Penguins Praha,ASI Torza Sorry
1,273338,3 Šimon Šlemr (U),1,0,1,2019/2020,FBC Penguins Praha,ASI Torza Sorry
2,273338,4 Martin Hovořák (U),1,3,4,2019/2020,FBC Penguins Praha,ASI Torza Sorry
3,273338,6 Jan Buchta (U),6,0,6,2019/2020,FBC Penguins Praha,ASI Torza Sorry
4,273338,7 Pavel Doubek (U),0,3,3,2019/2020,FBC Penguins Praha,ASI Torza Sorry
5,273338,15 Vilém Svoboda (U),0,2,2,2019/2020,FBC Penguins Praha,ASI Torza Sorry
6,273338,16 Ondřej Zamazal (O),0,0,0,2019/2020,FBC Penguins Praha,ASI Torza Sorry
7,273338,20 Josef Němeček (O),1,0,1,2019/2020,FBC Penguins Praha,ASI Torza Sorry
0,273335,2 Viktor Černoch (U),0,0,0,2019/2020,FBC Penguins Praha,FBK VŠSK PaedF UK Praha
1,273335,3 Luboš Kučera (U),3,1,4,2019/2020,FBC Penguins Praha,FBK VŠSK PaedF UK Praha
2,273335,7 Michal Truneček (U),0,0,0,2019/2020,FBC Penguins Praha,FBK VŠSK PaedF UK Praha
3,273335,8 Tomáš Jeřábek (U),2,0,2,2019/2020,FBC Penguins Praha,FBK VŠSK PaedF UK Praha
4,273335,10 Ladislav Bartůněk (U),0,1,1,2019/2020,FBC Penguins Praha,FBK VŠSK PaedF UK Praha
5,273335,14 Roman Tauš (O),1,0,1,2019/2020,FBC Penguins Praha,FBK VŠSK PaedF UK Praha
6,273335,15 Jáchym Glas (U),0,0,0,2019/2020,FBC Penguins Praha,FBK VŠSK PaedF UK Praha
7,273335,19 Ondřej Tauš (O),0,0,0,2019/2020,FBC Penguins Praha,FBK VŠSK PaedF UK Praha
8,273335,91 Radim Kubíček (U),0,0,0,2019/2020,FBC Penguins Praha,FBK VŠSK PaedF UK Praha
0,277341,7 Petr Cícha (U),2,0,2,2019/2020,FBC Penguins Praha,FBC Pitbulls Kolín B
1,277341,13 Marek Vácha (U),0,2,2,2019/2020,FBC Penguins Praha,FBC Pitbulls Kolín B
2,277341,18 Lukáš Kloc (U),0,1,1,2019/2020,FBC Penguins Praha,FBC Pitbulls Kolín B
3,277341,26 Dominik Tvrdý (U),0,0,0,2019/2020,FBC Penguins Praha,FBC Pitbulls Kolín B
4,277341,28 Petr Novák (U),1,0,1,2019/2020,FBC Penguins Praha,FBC Pitbulls Kolín B
5,277341,79 Ladislav Zima (U),0,0,0,2019/2020,FBC Penguins Praha,FBC Pitbulls Kolín B
6,277341,86 Patrik Mrázek (U),0,0,0,2019/2020,FBC Penguins Praha,FBC Pitbulls Kolín B
7,277341,90 Tomáš Horák (U),0,1,1,2019/2020,FBC Penguins Praha,FBC Pitbulls Kolín B
8,277341,91 Jindřich Smejkal (U),1,0,1,2019/2020,FBC Penguins Praha,FBC Pitbulls Kolín B
9,277341,94 David Horák (U),2,1,3,2019/2020,FBC Penguins Praha,FBC Pitbulls Kolín B
0,277256,6 Jaroslav Hostin (U),0,1,1,2019/2020,FBC Penguins Praha,FAT PIPE FLORBAL CHODOV C
1,277256,12 Ivo Čechman (O),0,0,0,2019/2020,FBC Penguins Praha,FAT PIPE FLORBAL CHODOV C
2,277256,16 Ondřej Turek (U),3,0,3,2019/2020,FBC Penguins Praha,FAT PIPE FLORBAL CHODOV C
3,277256,27 Ondřej Světlý (O),0,0,0,2019/2020,FBC Penguins Praha,FAT PIPE FLORBAL CHODOV C
4,277256,44 Josef Světlý (U),1,0,1,2019/2020,FBC Penguins Praha,FAT PIPE FLORBAL CHODOV C
5,277256,53 Martin Blažek (U),0,0,0,2019/2020,FBC Penguins Praha,FAT PIPE FLORBAL CHODOV C
6,277256,77 Josef Chvojka (U),1,2,3,2019/2020,FBC Penguins Praha,FAT PIPE FLORBAL CHODOV C
7,277256,91 Jakub Špalek (U),0,0,0,2019/2020,FBC Penguins Praha,FAT PIPE FLORBAL CHODOV C
0,284092,3 Marek Vácha (U),1,0,1,2020/2021,FBC Penguins Praha,FBC Pitbulls Kolín B
1,284092,6 Kryštof Kadlec (U),1,0,1,2020/2021,FBC Penguins Praha,FBC Pitbulls Kolín B
2,284092,9 Trong Martin Lexuan (U),0,0,0,2020/2021,FBC Penguins Praha,FBC Pitbulls Kolín B
3,284092,13 Ondřej Šlechta (U),1,1,2,2020/2021,FBC Penguins Praha,FBC Pitbulls Kolín B
4,284092,17 Matouš Jelínek (U),0,0,0,2020/2021,FBC Penguins Praha,FBC Pitbulls Kolín B
5,284092,19 Petr Jindřich (U),0,0,0,2020/2021,FBC Penguins Praha,FBC Pitbulls Kolín B
6,284092,22 Šimon Mlynář (U),0,1,1,2020/2021,FBC Penguins Praha,FBC Pitbulls Kolín B
7,284092,38 Michal Havránek (U),0,0,0,2020/2021,FBC Penguins Praha,FBC Pitbulls Kolín B
8,284092,61 Martin Soukup (O),0,0,0,2020/2021,FBC Penguins Praha,FBC Pitbulls Kolín B
9,284092,66 Tomáš Humpolák (U),0,0,0,2020/2021,FBC Penguins Praha,FBC Pitbulls Kolín B
10,284092,88 Lukáš Kloc (U),1,0,1,2020/2021,FBC Penguins Praha,FBC Pitbulls Kolín B
0,284095,4 Martin Jurka (U),0,1,1,2020/2021,FBC Penguins Praha,Fbk Buldoci GOP Radotín
1,284095,5 Luboš Jindřich (U),0,2,2,2020/2021,FBC Penguins Praha,Fbk Buldoci GOP Radotín
2,284095,9 Josef Liška (U),1,0,1,2020/2021,FBC Penguins Praha,Fbk Buldoci GOP Radotín
3,284095,11 David Valeš (U),1,0,1,2020/2021,FBC Penguins Praha,Fbk Buldoci GOP Radotín
4,284095,14 Ondřej Karnet (U),0,0,0,2020/2021,FBC Penguins Praha,Fbk Buldoci GOP Radotín
5,284095,22 Marek Střída (U),3,1,4,2020/2021,FBC Penguins Praha,Fbk Buldoci GOP Radotín
6,284095,32 David Vacátko (U),0,0,0,2020/2021,FBC Penguins Praha,Fbk Buldoci GOP Radotín
7,284095,69 Tomáš Prokop (U),1,0,1,2020/2021,FBC Penguins Praha,Fbk Buldoci GOP Radotín
8,284095,99 Lukáš Jiran (U),0,1,1,2020/2021,FBC Penguins Praha,Fbk Buldoci GOP Radotín
0,288076,7 Tomáš Roller (U),0,0,0,2020/2021,FBC Penguins Praha,FBC Snipers Poděbrady
1,288076,9 Josef Sadil (O),0,0,0,2020/2021,FBC Penguins Praha,FBC Snipers Poděbrady
2,288076,10 Michal Pivoňka (U),0,0,0,2020/2021,FBC Penguins Praha,FBC Snipers Poděbrady
3,288076,16 Jan Hruška (O),0,1,1,2020/2021,FBC Penguins Praha,FBC Snipers Poděbrady
4,288076,20 Jaroslav Šusta (O),0,1,1,2020/2021,FBC Penguins Praha,FBC Snipers Poděbrady
5,288076,23 Radek Petrnoušek (U),0,0,0,2020/2021,FBC Penguins Praha,FBC Snipers Poděbrady
6,288076,24 Bohumil Fendrych (O),0,0,0,2020/2021,FBC Penguins Praha,FBC Snipers Poděbrady
7,288076,37 Marek Schlossbauer (U),0,0,0,2020/2021,FBC Penguins Praha,FBC Snipers Poděbrady
8,288076,66 Adam Šmejkal (U),1,0,1,2020/2021,FBC Penguins Praha,FBC Snipers Poděbrady
9,288076,67 Lukáš Malina (U),0,0,0,2020/2021,FBC Penguins Praha,FBC Snipers Poděbrady
10,288076,99 Vít Souček (U),2,0,2,2020/2021,FBC Penguins Praha,FBC Snipers Poděbrady
0,288074,12 Vojta Zmrzlík (U),2,0,2,2020/2021,FBC Penguins Praha,Prague Tigers C
1,288074,23 Jiří Čaputa (U),0,2,2,2020/2021,FBC Penguins Praha,Prague Tigers C
2,288074,37 Vladimír Bradáč (U),0,0,0,2020/2021,FBC Penguins Praha,Prague Tigers C
3,288074,38 Dung Nguyen Thanh (U),0,0,0,2020/2021,FBC Penguins Praha,Prague Tigers C
4,288074,55 Vítězslav Matěj (U),1,1,2,2020/2021,FBC Penguins Praha,Prague Tigers C
5,288074,78 Roman Eder (U),0,2,2,2020/2021,FBC Penguins Praha,Prague Tigers C
6,288074,96 Jan Štědrý (U),2,0,2,2020/2021,FBC Penguins Praha,Prague Tigers C
0,294736,12 Tomáš Husarik (O),0,0,0,2021/2022,FBC Penguins Praha,Blue Horses Stochov
1,294736,13 Filip Švojgr (U),1,0,1,2021/2022,FBC Penguins Praha,Blue Horses Stochov
2,294736,14 Tomáš Leipner (U),1,4,5,2021/2022,FBC Penguins Praha,Blue Horses Stochov
3,294736,18 Jan Mikolášek (U),0,0,0,2021/2022,FBC Penguins Praha,Blue Horses Stochov
4,294736,20 Stanislav Prokop (U),1,2,3,2021/2022,FBC Penguins Praha,Blue Horses Stochov
5,294736,21 Jiří Polívka (U),3,1,4,2021/2022,FBC Penguins Praha,Blue Horses Stochov
6,294736,22 Jaroslav Macík (U),1,1,2,2021/2022,FBC Penguins Praha,Blue Horses Stochov
7,294736,26 Jakub Drexler (U),1,1,2,2021/2022,FBC Penguins Praha,Blue Horses Stochov
8,294736,48 František Štiller (O),2,0,2,2021/2022,FBC Penguins Praha,Blue Horses Stochov
9,294736,67 Pavel Pulec (O),0,0,0,2021/2022,FBC Penguins Praha,Blue Horses Stochov
10,294736,69 Tomáš Pichner (U),1,2,3,2021/2022,FBC Penguins Praha,Blue Horses Stochov
0,294733,8 Jan Helešic (U),1,0,1,2021/2022,FBC Penguins Praha,IBK Svatý hole Kladno
1,294733,9 Pavel Hušák (O),0,3,3,2021/2022,FBC Penguins Praha,IBK Svatý hole Kladno
2,294733,15 Jan Marek (U),1,0,1,2021/2022,FBC Penguins Praha,IBK Svatý hole Kladno
3,294733,21 Jindřich Buša (U),0,0,0,2021/2022,FBC Penguins Praha,IBK Svatý hole Kladno
4,294733,23 Matouš Vlasák (U),0,0,0,2021/2022,FBC Penguins Praha,IBK Svatý hole Kladno
5,294733,24 Václav Juklíček (U),0,0,0,2021/2022,FBC Penguins Praha,IBK Svatý hole Kladno
6,294733,29 Jiří Bareš (U),1,0,1,2021/2022,FBC Penguins Praha,IBK Svatý hole Kladno
7,294733,40 Jan Juklíček (U),0,0,0,2021/2022,FBC Penguins Praha,IBK Svatý hole Kladno
8,294733,51 Michal Šmíd (U),0,1,1,2021/2022,FBC Penguins Praha,IBK Svatý hole Kladno
9,294733,88 Tomáš Hušák (U),0,0,0,2021/2022,FBC Penguins Praha,IBK Svatý hole Kladno
10,294733,89 Tomáš Prchal (U),3,1,4,2021/2022,FBC Penguins Praha,IBK Svatý hole Kladno
0,296888,2 Albert Čihák (O),0,0,0,2021/2022,FBC Penguins Praha,FBC JELENI UNHOŠŤ
1,296888,3 Štěpán Merta (O),2,0,2,2021/2022,FBC Penguins Praha,FBC JELENI UNHOŠŤ
2,296888,17 Jakub Kolanda (U),0,1,1,2021/2022,FBC Penguins Praha,FBC JELENI UNHOŠŤ
3,296888,24 Antonín Merta (O),0,0,0,2021/2022,FBC Penguins Praha,FBC JELENI UNHOŠŤ
4,296888,26 Jindřich Hanousek (U),1,0,1,2021/2022,FBC Penguins Praha,FBC JELENI UNHOŠŤ
5,296888,29 Zdeněk Fryš (O),0,1,1,2021/2022,FBC Penguins Praha,FBC JELENI UNHOŠŤ
6,296888,69 Richard Hurt (U),1,0,1,2021/2022,FBC Penguins Praha,FBC JELENI UNHOŠŤ
7,296888,78 Lukáš Mendlík (U),0,0,0,2021/2022,FBC Penguins Praha,FBC JELENI UNHOŠŤ
8,296888,82 Marek Beran (O),0,1,1,2021/2022,FBC Penguins Praha,FBC JELENI UNHOŠŤ
9,296888,99 Marek Makovička (U),1,0,1,2021/2022,FBC Penguins Praha,FBC JELENI UNHOŠŤ
0,298364,7 Jan Buchta (U),2,5,7,2021/2022,FBC Penguins Praha,Torza Sorry ASI
1,298364,8 Miroslav Purkrábek (O),1,0,1,2021/2022,FBC Penguins Praha,Torza Sorry ASI
2,298364,10 Josef Němeček (O),3,0,3,2021/2022,FBC Penguins Praha,Torza Sorry ASI
3,298364,55 David Egyházi (U),0,0,0,2021/2022,FBC Penguins Praha,Torza Sorry ASI
4,298364,64 Jiří Polák (O),0,0,0,2021/2022,FBC Penguins Praha,Torza Sorry ASI
5,298364,69 Petr Antuš (U),0,0,0,2021/2022,FBC Penguins Praha,Torza Sorry ASI
6,298364,81 Ondřej Zamazal (O),0,0,0,2021/2022,FBC Penguins Praha,Torza Sorry ASI
7,298364,88 Martin Pokorný (U),1,1,2,2021/2022,FBC Penguins Praha,Torza Sorry ASI
0,300089,12 Jan Vaňous (O),0,1,1,2021/2022,FBC Penguins Praha,Kanonýři Kladno B
1,300089,14 Adam Hruška (U),1,0,1,2021/2022,FBC Penguins Praha,Kanonýři Kladno B
2,300089,19 Tomáš Ureš (O),4,0,4,2021/2022,FBC Penguins Praha,Kanonýři Kladno B
3,300089,80 Petr Burian (U),0,4,4,2021/2022,FBC Penguins Praha,Kanonýři Kladno B
4,300089,88 Daniel Stříhavka (O),0,0,0,2021/2022,FBC Penguins Praha,Kanonýři Kladno B
5,300089,96 Jakub Šoch (U),2,0,2,2021/2022,FBC Penguins Praha,Kanonýři Kladno B
0,302009,8 David Andr (U),1,1,2,2021/2022,FBC Penguins Praha,IBK Kubánský Klan B - MISTŘI!!!
1,302009,11 Tomáš Furch (U),2,1,3,2021/2022,FBC Penguins Praha,IBK Kubánský Klan B - MISTŘI!!!
2,302009,24 Pavel Šusta (U),2,0,2,2021/2022,FBC Penguins Praha,IBK Kubánský Klan B - MISTŘI!!!
3,302009,72 Dominik Walter (U),0,0,0,2021/2022,FBC Penguins Praha,IBK Kubánský Klan B - MISTŘI!!!
4,302009,87 Josef Vlček (U),0,4,4,2021/2022,FBC Penguins Praha,IBK Kubánský Klan B - MISTŘI!!!
5,302009,89 Jakub Valchář (U),2,0,2,2021/2022,FBC Penguins Praha,IBK Kubánský Klan B - MISTŘI!!!
6,302009,90 Ladislav Němeček (O),0,0,0,2021/2022,FBC Penguins Praha,IBK Kubánský Klan B - MISTŘI!!!
7,302009,97 Ondřej Moudrý (U),0,0,0,2021/2022,FBC Penguins Praha,IBK Kubánský Klan B - MISTŘI!!!
0,304774,3 David Blažek (U),0,0,0,2021/2022,FBC Penguins Praha,FBC Hamsters Vysočany
1,304774,6 Pavel Procházka (U),1,0,1,2021/2022,FBC Penguins Praha,FBC Hamsters Vysočany
2,304774,23 Vít Dvořák (O),0,0,0,2021/2022,FBC Penguins Praha,FBC Hamsters Vysočany
3,304774,33 Tomáš Bulant (U),0,0,0,2021/2022,FBC Penguins Praha,FBC Hamsters Vysočany
4,304774,34 Lukáš Hron (U),0,1,1,2021/2022,FBC Penguins Praha,FBC Hamsters Vysočany
5,304774,35 Jakub Kail (U),0,0,0,2021/2022,FBC Penguins Praha,FBC Hamsters Vysočany
6,304774,51 Jan Holub (U),0,0,0,2021/2022,FBC Penguins Praha,FBC Hamsters Vysočany
7,304774,59 Martin Uchytil (U),0,0,0,2021/2022,FBC Penguins Praha,FBC Hamsters Vysočany
0,304777,12 Tomáš Husarik (O),0,0,0,2021/2022,FBC Penguins Praha,Blue Horses Stochov
1,304777,13 Filip Švojgr (O),0,1,1,2021/2022,FBC Penguins Praha,Blue Horses Stochov
2,304777,18 Jan Mikolášek (O),0,0,0,2021/2022,FBC Penguins Praha,Blue Horses Stochov
3,304777,20 Stanislav Prokop (U),3,1,4,2021/2022,FBC Penguins Praha,Blue Horses Stochov
4,304777,22 Jaroslav Macík (U),0,0,0,2021/2022,FBC Penguins Praha,Blue Horses Stochov
5,304777,25 Zdeněk Husák (U),0,0,0,2021/2022,FBC Penguins Praha,Blue Horses Stochov
6,304777,26 Jakub Drexler (U),1,1,2,2021/2022,FBC Penguins Praha,Blue Horses Stochov
7,304777,67 Pavel Pulec (O),1,0,1,2021/2022,FBC Penguins Praha,Blue Horses Stochov
8,304777,69 Tomáš Pichner (U),1,0,1,2021/2022,FBC Penguins Praha,Blue Horses Stochov
