,Id,Period,Time,Type,Goal,Assist,Season,Minute,Seconds,Seconds_all
0,2415,3,00:26,-, Pavel Maršík, Roman Žampach,2008/2009,0,26,26
0,2420,1,00:34,-, Pavel Maršík, Roman Žampach,2008/2009,0,34,34
1,2420,1,11:10,OG, Martin Řepka,,2008/2009,11,10,670
2,2420,3,01:11,-, Milan Balzer,,2008/2009,1,11,71
3,2420,3,04:45,-, Roman Žampach, Pavel Maršík,2008/2009,4,45,285
4,2420,3,04:52,-, Roman Žampach, Pavel Maršík,2008/2009,4,52,292
5,2420,3,05:13,-, Ladislav Tyll, Roman Žampach,2008/2009,5,13,313
6,2420,3,14:42,PP, Adam Bardún, Roman Žampach,2008/2009,14,42,882
0,3419,2,10:12,PP, Ladislav Tyll,,2008/2009,10,12,612
1,3419,3,10:55,-, Roman Žampach, Milan Balzer,2008/2009,10,55,655
0,3450,1,01:03,-, Filip Weber,,2008/2009,1,3,63
1,3450,1,13:01,-, Václav Rides, Ladislav Tyll,2008/2009,13,1,781
0,3448,3,07:51,-, Jakub Mádr, Ladislav Tyll,2008/2009,7,51,471
0,6029,1,11:39,-, Adam Bardún,,2008/2009,11,39,699
1,6029,1,12:46,-, Adam Bardún, Václav Rides,2008/2009,12,46,766
2,6029,2,02:51,-, Jakub Nováček, Pavel Maršík,2008/2009,2,51,171
3,6029,2,03:56,-, Václav Rides, Petr Škaloud,2008/2009,3,56,236
4,6029,2,09:13,-, Václav Rides, Adam Bardún,2008/2009,9,13,553
0,6025,1,14:31,-, Václav Rides, Adam Bardún,2008/2009,14,31,871
1,6025,3,04:20,-, Jakub Nováček,,2008/2009,4,20,260
2,6025,3,04:42,-, Václav Rides,,2008/2009,4,42,282
3,6025,3,07:27,-, Ladislav Tyll, Jakub Nováček,2008/2009,7,27,447
0,6182,2,09:32,-, Václav Rides, Jan Mareš,2008/2009,9,32,572
0,6472,1,14:22,-, Jakub Nováček, Ctibor Chmelař,2008/2009,14,22,862
1,6472,2,08:54,-, Ladislav Tyll, Pavel Maršík,2008/2009,8,54,534
2,6472,3,09:37,-, Václav Rides, Pavel Maršík,2008/2009,9,37,577
0,6470,2,05:53,-, Ladislav Tyll, Václav Rides,2008/2009,5,53,353
0,456,1,13:25,-, Pavel Maršík, Petr Škaloud,2008/2009,13,25,805
1,456,2,05:15,-, Pavel Maršík, Ladislav Tyll,2008/2009,5,15,315
2,456,3,00:25,-, Petr Škaloud, Jakub Mádr,2008/2009,0,25,25
0,8515,1,14:53,-, Ladislav Tyll, Jakub Mádr,2008/2009,14,53,893
0,9641,3,07:27,-, Petr Škaloud, Jakub Mádr,2008/2009,7,27,447
0,10203,1,00:15,PS, Filip Weber,,2008/2009,0,15,15
1,10203,1,11:01,-, Ladislav Tyll, Adam Bardún,2008/2009,11,1,661
2,10203,2,05:46,-, Roman Žampach, Jakub Mádr,2008/2009,5,46,346
3,10203,3,04:26,PP, Adam Bardún, Jakub Mádr,2008/2009,4,26,266
0,10206,2,02:07,-, Pavel Maršík, Adam Bardún,2008/2009,2,7,127
1,10206,2,05:00,-, Václav Rides, Jakub Nováček,2008/2009,5,0,300
2,10206,3,05:22,-, Václav Rides, Jakub Nováček,2008/2009,5,22,322
3,10206,3,14:19,-, Václav Rides, Adam Bardún,2008/2009,14,19,859
0,12532,1,07:54,-, Roman Žampach, Milan Balzer,2008/2009,7,54,474
1,12532,1,11:05,-, Zdeněk Máčel, Pavel Maršík,2008/2009,11,5,665
2,12532,2,04:38,-, Jakub Mádr,,2008/2009,4,38,278
3,12532,2,06:16,-, Roman Žampach, Pavel Maršík,2008/2009,6,16,376
4,12532,2,07:57,-, Pavel Maršík, Ladislav Tyll,2008/2009,7,57,477
5,12532,3,01:19,-, Roman Žampach, Václav Rides,2008/2009,1,19,79
6,12532,3,08:34,-, Ladislav Tyll,,2008/2009,8,34,514
7,12532,3,13:43,-, Václav Rides, Pavel Maršík,2008/2009,13,43,823
0,12900,2,11:16,-, Pavel Maršík, Roman Žampach,2008/2009,11,16,676
1,12900,3,02:04,-, Roman Žampach, Pavel Maršík,2008/2009,2,4,124
0,12904,1,09:31,-, Pavel Maršík, Jakub Mádr,2008/2009,9,31,571
1,12904,2,01:52,PP, Jakub Mádr, Pavel Maršík,2008/2009,1,52,112
2,12904,2,04:23,-, Zdeněk Máčel, Jakub Nováček,2008/2009,4,23,263
3,12904,2,06:32,-, Milan Balzer, Ladislav Tyll,2008/2009,6,32,392
4,12904,2,11:58,-, Václav Rides, Zdeněk Máčel,2008/2009,11,58,718
5,12904,2,13:49,PP, Jakub Mádr, Petr Škaloud,2008/2009,13,49,829
6,12904,3,14:30,PP, Václav Rides, Jakub Nováček,2008/2009,14,30,870
7,12904,3,14:53,-, Ladislav Tyll, Ctibor Chmelař,2008/2009,14,53,893
0,14226,2,07:15,-, Ladislav Tyll, Roman Žampach,2009/2010,7,15,435
0,14224,1,01:59,-, Petr Škaloud, Štěpán Trousil,2009/2010,1,59,119
1,14224,1,04:41,-, Roman Žampach, Petr Škaloud,2009/2010,4,41,281
2,14224,2,05:59,-, Jakub Nováček, Štěpán Trousil,2009/2010,5,59,359
3,14224,2,11:52,-, Roman Žampach, Pavel Maršík,2009/2010,11,52,712
4,14224,3,09:49,OG, Jakub Michalik,,2009/2010,9,49,589
0,15977,2,09:54,-, Ladislav Tyll, Roman Žampach,2009/2010,9,54,594
1,15977,3,01:20,-, Pavel Maršík,,2009/2010,1,20,80
2,15977,3,02:42,-, Ladislav Tyll, Václav Rides,2009/2010,2,42,162
3,15977,3,07:45,-, Ladislav Tyll, Štěpán Trousil,2009/2010,7,45,465
0,15986,2,06:36,-, Jakub Nováček, Jakub Mádr,2009/2010,6,36,396
1,15986,2,08:29,PP, Pavel Maršík, Roman Žampach,2009/2010,8,29,509
2,15986,2,09:50,-, Ladislav Tyll, Petr Škaloud,2009/2010,9,50,590
3,15986,3,03:35,-, Petr Škaloud, Ctibor Chmelař,2009/2010,3,35,215
4,15986,3,06:07,-, Zdeněk Karásek, Jakub Nováček,2009/2010,6,7,367
5,15986,3,06:55,-, Jakub Nováček, Štěpán Trousil,2009/2010,6,55,415
0,17157,1,07:36,-, Zdeněk Máčel, Ladislav Tyll,2009/2010,7,36,456
1,17157,1,10:48,-, Václav Rides, Jakub Nováček,2009/2010,10,48,648
2,17157,2,01:53,-, Václav Rides, Jakub Nováček,2009/2010,1,53,113
3,17157,2,07:53,-, Zdeněk Máčel, Jakub Mádr,2009/2010,7,53,473
4,17157,2,10:12,-, Štěpán Trousil, Jakub Nováček,2009/2010,10,12,612
5,17157,3,00:10,-, Štěpán Trousil, Václav Rides,2009/2010,0,10,10
0,17158,1,10:03,-, Zdeněk Máčel, Ladislav Tyll,2009/2010,10,3,603
1,17158,2,11:52,-, Václav Rides, Štěpán Trousil,2009/2010,11,52,712
2,17158,3,06:11,-, Václav Rides, Jakub Mádr,2009/2010,6,11,371
3,17158,3,06:52,-, Roman Žampach, Adam Bardún,2009/2010,6,52,412
0,18371,1,10:10,-, Ladislav Tyll, Václav Rides,2009/2010,10,10,610
1,18371,3,05:01,-, Štěpán Trousil,,2009/2010,5,1,301
2,18371,3,08:24,-, Miloš Zapadlo, Štěpán Trousil,2009/2010,8,24,504
0,18389,2,06:17,-, Václav Rides, Roman Žampach,2009/2010,6,17,377
1,18389,3,04:38,-, Václav Rides, Ladislav Tyll,2009/2010,4,38,278
0,19348,2,01:07,-, Štěpán Trousil, Jakub Nováček,2009/2010,1,7,67
1,19348,3,03:47,-, Jakub Nováček,,2009/2010,3,47,227
0,19350,1,00:57,-, Ladislav Tyll, Roman Žampach,2009/2010,0,57,57
1,19350,1,07:18,-, Václav Rides, Jakub Mádr,2009/2010,7,18,438
2,19350,1,09:50,-, Miloš Zapadlo, Jakub Nováček,2009/2010,9,50,590
3,19350,2,08:34,-, Adam Bardún, Miloš Zapadlo,2009/2010,8,34,514
4,19350,2,11:20,-, Václav Rides, Roman Žampach,2009/2010,11,20,680
5,19350,3,03:46,-, Jakub Nováček, Adam Bardún,2009/2010,3,46,226
0,21821,1,02:33,-, Miloš Zapadlo, Ctibor Chmelař,2009/2010,2,33,153
1,21821,1,05:27,-, Václav Rides, Ladislav Tyll,2009/2010,5,27,327
2,21821,2,02:45,-, Václav Rides, Roman Žampach,2009/2010,2,45,165
3,21821,2,05:09,-, Štěpán Trousil, Filip Weber,2009/2010,5,9,309
4,21821,3,06:23,-, Štěpán Trousil, Martin Elišák,2009/2010,6,23,383
5,21821,3,11:04,-, Miloš Zapadlo, Štěpán Trousil,2009/2010,11,4,664
0,21824,1,07:35,-, Filip Weber, Roman Žampach,2009/2010,7,35,455
1,21824,1,11:14,-, Martin Elišák, Štěpán Trousil,2009/2010,11,14,674
2,21824,2,08:10,-, Štěpán Trousil,,2009/2010,8,10,490
3,21824,3,11:18,-, Miloš Zapadlo, Ladislav Tyll,2009/2010,11,18,678
4,21824,3,11:54,-, Miloš Zapadlo, Jakub Mádr,2009/2010,11,54,714
0,23281,3,06:11,-, Štěpán Trousil, Adam Bardún,2009/2010,6,11,371
1,23281,3,07:45,-, Roman Žampach, Ladislav Tyll,2009/2010,7,45,465
0,23278,1,11:45,-, Ladislav Tyll,,2009/2010,11,45,705
1,23278,3,05:47,-, Roman Žampach, Filip Weber,2009/2010,5,47,347
0,24752,1,05:12,PP, Ladislav Tyll, Jakub Nováček,2009/2010,5,12,312
1,24752,1,08:16,-, Filip Weber, Roman Žampach,2009/2010,8,16,496
2,24752,3,03:00,-, Miloš Zapadlo, Ctibor Chmelař,2009/2010,3,0,180
3,24752,3,06:29,-, Martin Elišák, Štěpán Trousil,2009/2010,6,29,389
0,24754,1,10:34,PS, Filip Weber,,2009/2010,10,34,634
1,24754,2,00:17,-, Ladislav Tyll, Roman Žampach,2009/2010,0,17,17
0,25954,1,06:16,-, Václav Rides, Miloš Zapadlo,2009/2010,6,16,376
1,25954,2,06:31,-, Miloš Zapadlo, Václav Rides,2009/2010,6,31,391
0,25950,1,08:06,PP, Jakub Nováček, Filip Weber,2009/2010,8,6,486
1,25950,3,08:56,-, Miloš Zapadlo,,2009/2010,8,56,536
0,27336,1,07:23,PP, Miloš Zapadlo, Martin Elišák,2009/2010,7,23,443
1,27336,1,09:16,-, Štěpán Trousil, Miloš Zapadlo,2009/2010,9,16,556
2,27336,2,09:44,PP, Martin Elišák, Miloš Zapadlo,2009/2010,9,44,584
0,29252,2,07:17,-, Miloš Zapadlo, Štěpán Trousil,2010/2011,7,17,437
1,29252,3,03:07,-, Ladislav Tyll, Václav Rides,2010/2011,3,7,187
2,29252,3,10:01,-, Václav Rides, Ladislav Tyll,2010/2011,10,1,601
0,29250,2,04:32,-, Václav Rides,,2010/2011,4,32,272
1,29250,2,08:14,-, Miloš Zapadlo,,2010/2011,8,14,494
0,30521,1,02:55,-, Filip Weber, Ctibor Chmelař,2010/2011,2,55,175
1,30521,2,08:44,SH, Ladislav Tyll, Miloš Zapadlo,2010/2011,8,44,524
2,30521,3,03:41,-, Štěpán Trousil, Roman Žampach,2010/2011,3,41,221
0,30518,1,04:51,-, Filip Weber,,2010/2011,4,51,291
1,30518,2,11:42,OG, Michal Kováč,,2010/2011,11,42,702
0,31231,1,07:03,-, Miloš Zapadlo, Martin Elišák,2010/2011,7,3,423
1,31231,1,10:01,-, Roman Žampach, Václav Rides,2010/2011,10,1,601
2,31231,1,11:04,-, Roman Žampach, Ladislav Tyll,2010/2011,11,4,664
3,31231,2,07:53,-, Zdeněk Máčel, Štěpán Trousil,2010/2011,7,53,473
4,31231,2,09:17,-, Miloš Zapadlo, Štěpán Trousil,2010/2011,9,17,557
5,31231,2,11:14,-, Roman Žampach, Filip Trousil,2010/2011,11,14,674
6,31231,3,02:37,-, Miloš Zapadlo, Štěpán Trousil,2010/2011,2,37,157
0,31228,1,04:52,-, Václav Rides, Miloš Zapadlo,2010/2011,4,52,292
1,31228,2,09:52,-, Václav Rides, Ladislav Tyll,2010/2011,9,52,592
2,31228,3,00:32,-, Zdeněk Máčel,,2010/2011,0,32,32
3,31228,3,04:12,-, Václav Rides, Roman Žampach,2010/2011,4,12,252
4,31228,3,07:30,-, Miloš Zapadlo, Štěpán Trousil,2010/2011,7,30,450
0,32999,1,02:45,-, Miloš Zapadlo, Martin Elišák,2010/2011,2,45,165
1,32999,1,10:04,PP, Miloš Zapadlo, Štěpán Trousil,2010/2011,10,4,604
2,32999,2,01:25,-, Štěpán Trousil, Filip Weber,2010/2011,1,25,85
3,32999,2,03:34,-, Štěpán Trousil, Ctibor Chmelař,2010/2011,3,34,214
0,32921,1,05:25,-, Martin Elišák, Štěpán Trousil,2010/2011,5,25,325
1,32921,1,08:11,-, Štěpán Trousil, Miloš Zapadlo,2010/2011,8,11,491
2,32921,2,07:51,-, Filip Weber,,2010/2011,7,51,471
0,34411,1,02:45,-, Jakub Nováček, Miloš Zapadlo,2010/2011,2,45,165
1,34411,1,10:31,-, Roman Žampach, Filip Weber,2010/2011,10,31,631
2,34411,2,00:55,-, Ctibor Chmelař, Roman Žampach,2010/2011,0,55,55
3,34411,2,02:07,-, Štěpán Trousil, Jakub Nováček,2010/2011,2,7,127
4,34411,2,05:37,-, Jakub Nováček, Jakub Mádr,2010/2011,5,37,337
5,34411,3,01:11,-, Štěpán Trousil, Roman Žampach,2010/2011,1,11,71
0,35915,1,08:43,-, Jakub Nováček, Jakub Mádr,2010/2011,8,43,523
1,35915,1,11:21,-, Zdeněk Máčel, Ctibor Chmelař,2010/2011,11,21,681
2,35915,2,05:41,-, Roman Žampach, Jakub Nováček,2010/2011,5,41,341
3,35915,2,10:54,-, Štěpán Trousil, Miloš Zapadlo,2010/2011,10,54,654
4,35915,3,00:30,-, Václav Rides, Ctibor Chmelař,2010/2011,0,30,30
5,35915,3,02:03,-, Ladislav Tyll, Roman Žampach,2010/2011,2,3,123
0,38225,1,09:12,-, Václav Rides, Adam Bardún,2010/2011,9,12,552
1,38225,2,06:57,-, Miloš Zapadlo, Martin Elišák,2010/2011,6,57,417
2,38225,3,11:46,-, Ctibor Chmelař, Jakub Mádr,2010/2011,11,46,706
0,38223,1,06:10,-, Martin Elišák, Miloš Zapadlo,2010/2011,6,10,370
1,38223,1,08:55,-, Jakub Mádr, Jakub Nováček,2010/2011,8,55,535
2,38223,1,09:55,-, Štěpán Trousil, Miloš Zapadlo,2010/2011,9,55,595
3,38223,1,10:28,-, Ctibor Chmelař, Václav Rides,2010/2011,10,28,628
4,38223,3,01:53,-, Miloš Zapadlo, Štěpán Trousil,2010/2011,1,53,113
5,38223,3,08:17,SH, Roman Žampach,,2010/2011,8,17,497
6,38223,3,09:10,-, Miloš Zapadlo, Filip Trousil,2010/2011,9,10,550
7,38223,3,10:33,-, Václav Rides, Martin Elišák,2010/2011,10,33,633
8,38223,3,11:16,-, Adam Bardún,,2010/2011,11,16,676
0,28904,1,06:39,-, Ctibor Chmelař, Miloš Zapadlo,2010/2011,6,39,399
1,28904,1,09:41,SH, Štěpán Trousil, Miloš Zapadlo,2010/2011,9,41,581
2,28904,1,11:25,-, Roman Žampach, Jakub Nováček,2010/2011,11,25,685
3,28904,3,07:40,-, Štěpán Trousil, Zdeněk Máčel,2010/2011,7,40,460
4,28904,3,09:37,-, Martin Elišák, Jakub Nováček,2010/2011,9,37,577
0,29832,1,03:34,-, Ctibor Chmelař, Václav Rides,2010/2011,3,34,214
1,29832,1,06:30,-, Miloš Zapadlo,,2010/2011,6,30,390
2,29832,2,00:55,-, Ctibor Chmelař, Adam Bardún,2010/2011,0,55,55
3,29832,2,09:31,-, Lukáš Benda, Roman Žampach,2010/2011,9,31,571
4,29832,2,11:43,-, Václav Rides, Ctibor Chmelař,2010/2011,11,43,703
5,29832,3,01:58,-, Miloš Zapadlo, Lukáš Benda,2010/2011,1,58,118
6,29832,3,06:19,-, Lukáš Benda, Miloš Zapadlo,2010/2011,6,19,379
7,29832,3,09:52,-, Ctibor Chmelař, Václav Rides,2010/2011,9,52,592
0,40660,1,05:33,-, Miloš Zapadlo, Filip Trousil,2010/2011,5,33,333
1,40660,2,02:44,-, Ctibor Chmelař, Václav Rides,2010/2011,2,44,164
2,40660,3,11:54,-, Miloš Zapadlo, Štěpán Trousil,2010/2011,11,54,714
0,41547,1,06:37,PP, Martin Elišák,,2010/2011,6,37,397
1,41547,2,09:49,-, Miloš Zapadlo, Martin Elišák,2010/2011,9,49,589
2,41547,3,06:26,-, Miloš Zapadlo, Štěpán Trousil,2010/2011,6,26,386
0,43569,1,00:22,-, Jakub Nováček, Jakub Mádr,2010/2011,0,22,22
1,43569,1,03:24,-, Miloš Zapadlo,,2010/2011,3,24,204
2,43569,2,05:17,-, Miloš Zapadlo, Martin Elišák,2010/2011,5,17,317
3,43569,2,05:53,-, Miloš Zapadlo, Filip Trousil,2010/2011,5,53,353
4,43569,3,11:44,-, Miloš Zapadlo,,2010/2011,11,44,704
0,46482,2,07:48,-, Martin Elišák, Štěpán Trousil,2011/2012,7,48,468
1,46482,2,08:46,-, Štěpán Trousil, Jakub Mádr,2011/2012,8,46,526
2,46482,3,02:06,PP, Štěpán Trousil, Roman Žampach,2011/2012,2,6,126
0,48470,2,02:52,-, Ladislav Tyll, Zdeněk Karásek,2011/2012,2,52,172
1,48470,3,08:54,-, Miloš Zapadlo, Štěpán Trousil,2011/2012,8,54,534
0,48466,2,10:38,PP, Adam Štefánik, Filip Weber,2011/2012,10,38,638
0,50281,1,03:54,-, Miloš Zapadlo, Filip Trousil,2011/2012,3,54,234
1,50281,1,09:12,-, Václav Rides, Ctibor Chmelař,2011/2012,9,12,552
2,50281,1,11:28,-, Štěpán Trousil, Miloš Zapadlo,2011/2012,11,28,688
3,50281,2,03:27,-, Miloš Zapadlo, Filip Trousil,2011/2012,3,27,207
4,50281,2,09:57,-, Ladislav Tyll, Jakub Nováček,2011/2012,9,57,597
5,50281,3,04:43,-, Štěpán Trousil, Filip Weber,2011/2012,4,43,283
0,50278,1,00:56,-, Ladislav Tyll,,2011/2012,0,56,56
1,50278,1,02:36,-, Štěpán Trousil, Martin Elišák,2011/2012,2,36,156
2,50278,2,05:47,-, Miloš Zapadlo, Filip Weber,2011/2012,5,47,347
3,50278,2,05:54,-, Štěpán Trousil, Miloš Zapadlo,2011/2012,5,54,354
4,50278,3,05:40,-, Ctibor Chmelař, Štěpán Trousil,2011/2012,5,40,340
0,52514,1,03:05,-, Václav Rides, Roman Žampach,2011/2012,3,5,185
1,52514,1,03:41,-, Jakub Nováček, Ladislav Tyll,2011/2012,3,41,221
2,52514,1,11:55,PP, Zdeněk Máčel, Václav Rides,2011/2012,11,55,715
3,52514,2,00:50,-, Ladislav Tyll, Jakub Mádr,2011/2012,0,50,50
4,52514,2,08:47,-, Ctibor Chmelař, Václav Rides,2011/2012,8,47,527
5,52514,2,10:31,-, Jakub Nováček, Adam Štefánik,2011/2012,10,31,631
6,52514,3,00:21,-, Václav Rides, Filip Trousil,2011/2012,0,21,21
0,52510,1,00:17,-, Ladislav Tyll, Jakub Nováček,2011/2012,0,17,17
1,52510,1,05:41,-, Štěpán Trousil, Miloš Zapadlo,2011/2012,5,41,341
2,52510,2,07:35,PP, Ctibor Chmelař, Filip Weber,2011/2012,7,35,455
3,52510,2,11:29,-, Ctibor Chmelař, Václav Rides,2011/2012,11,29,689
4,52510,3,08:20,-, Štěpán Trousil, Martin Elišák,2011/2012,8,20,500
5,52510,3,11:57,-, Štěpán Trousil, Miloš Zapadlo,2011/2012,11,57,717
0,53206,1,07:39,-, Štěpán Trousil, Filip Trousil,2011/2012,7,39,459
1,53206,1,07:47,-, Štěpán Trousil, Miloš Zapadlo,2011/2012,7,47,467
2,53206,1,11:32,-, Jakub Nováček, Miloš Zapadlo,2011/2012,11,32,692
3,53206,2,02:38,-, Ctibor Chmelař, Roman Žampach,2011/2012,2,38,158
4,53206,3,02:37,-, Štěpán Trousil, Miloš Zapadlo,2011/2012,2,37,157
5,53206,3,03:23,-, Ctibor Chmelař, Václav Rides,2011/2012,3,23,203
6,53206,3,05:36,-, Štěpán Trousil, Miloš Zapadlo,2011/2012,5,36,336
7,53206,3,08:29,-, Zdeněk Karásek, Adam Štefánik,2011/2012,8,29,509
8,53206,3,10:39,SH, Václav Rides, Adam Bardún,2011/2012,10,39,639
0,53208,3,05:29,-, Miloš Zapadlo, Filip Weber,2011/2012,5,29,329
0,55810,1,08:27,-, Miloš Zapadlo, Štěpán Trousil,2011/2012,8,27,507
1,55810,2,10:53,-, Adam Štefánik, Roman Žampach,2011/2012,10,53,653
2,55810,2,11:39,-, Adam Štefánik,,2011/2012,11,39,699
3,55810,3,02:32,-, Ladislav Tyll,,2011/2012,2,32,152
0,56545,2,07:21,-, Ctibor Chmelař, Filip Weber,2011/2012,7,21,441
1,56545,2,10:57,-, Miloš Zapadlo, Ctibor Chmelař,2011/2012,10,57,657
0,58485,1,08:18,-, Štěpán Trousil, Jakub Mádr,2011/2012,8,18,498
1,58485,1,10:47,OG, Jan Voříšek,,2011/2012,10,47,647
2,58485,2,08:25,-, Ladislav Tyll,,2011/2012,8,25,505
3,58485,2,08:35,-, Miloš Zapadlo, Štěpán Trousil,2011/2012,8,35,515
0,58483,1,05:35,-, Ladislav Tyll, Adam Štefánik,2011/2012,5,35,335
1,58483,1,08:26,-, Ctibor Chmelař, Roman Žampach,2011/2012,8,26,506
2,58483,1,10:06,-, Ladislav Tyll, Adam Štefánik,2011/2012,10,6,606
3,58483,1,10:15,-, Adam Štefánik, Filip Weber,2011/2012,10,15,615
4,58483,3,11:30,-, Adam Štefánik, Jakub Nováček,2011/2012,11,30,690
5,58483,3,11:49,-, Jakub Nováček, Zdeněk Máčel,2011/2012,11,49,709
0,59987,1,09:09,-, Zdeněk Karásek,,2011/2012,9,9,549
1,59987,2,11:54,-, Martin Elišák, Miloš Zapadlo,2011/2012,11,54,714
2,59987,3,02:09,SH, Jakub Nováček, Ladislav Tyll,2011/2012,2,9,129
3,59987,3,04:50,-, Miloš Zapadlo, Štěpán Trousil,2011/2012,4,50,290
4,59987,3,08:04,PP, Jakub Nováček, Adam Štefánik,2011/2012,8,4,484
0,59990,1,01:19,-, Miloš Zapadlo, Štěpán Trousil,2011/2012,1,19,79
1,59990,1,08:31,-, Ctibor Chmelař, Zdeněk Karásek,2011/2012,8,31,511
2,59990,1,10:29,-, Ladislav Tyll, Roman Žampach,2011/2012,10,29,629
3,59990,2,01:29,-, Ctibor Chmelař, Roman Žampach,2011/2012,1,29,89
4,59990,3,01:14,-, Jakub Nováček, Adam Štefánik,2011/2012,1,14,74
5,59990,3,01:36,-, Filip Weber, Štěpán Trousil,2011/2012,1,36,96
6,59990,3,09:11,-, Štěpán Trousil, Miloš Zapadlo,2011/2012,9,11,551
7,59990,3,11:41,SH, Adam Štefánik, Jakub Mádr,2011/2012,11,41,701
0,61490,2,02:23,-, Štěpán Trousil, Roman Žampach,2011/2012,2,23,143
1,61490,3,08:13,-, Adam Štefánik, Ladislav Tyll,2011/2012,8,13,493
0,61483,1,00:12,-, Jakub Nováček, Ladislav Tyll,2011/2012,0,12,12
1,61483,1,03:21,-, Ctibor Chmelař, Zdeněk Karásek,2011/2012,3,21,201
2,61483,1,08:29,-, Ctibor Chmelař, Václav Rides,2011/2012,8,29,509
3,61483,2,10:39,-, Jakub Nováček, Ladislav Tyll,2011/2012,10,39,639
4,61483,3,02:27,-, Ctibor Chmelař, Václav Rides,2011/2012,2,27,147
0,64575,1,01:20,-, Zdeněk Karásek, Miloš Zapadlo,2012/2013,1,20,80
1,64575,2,03:27,SH, Ctibor Chmelař, Filip Trousil,2012/2013,3,27,207
2,64575,3,06:59,-, Jakub Nováček, Miloš Zapadlo,2012/2013,6,59,419
0,64573,1,06:43,-, Martin Elišák, Miloš Zapadlo,2012/2013,6,43,403
1,64573,1,07:30,-, Ladislav Tyll, Jakub Nováček,2012/2013,7,30,450
2,64573,2,03:30,-, Jakub Nováček, Adam Jablonský,2012/2013,3,30,210
3,64573,3,06:20,PP, Jakub Nováček, Adam Jablonský,2012/2013,6,20,380
0,66191,1,09:41,-, Jakub Majerčin, Zdeněk Karásek,2012/2013,9,41,581
1,66191,2,03:12,SH, Filip Weber,,2012/2013,3,12,192
2,66191,2,09:34,-, Ctibor Chmelař,,2012/2013,9,34,574
3,66191,3,05:01,-, Adam Bardún, Ctibor Chmelař,2012/2013,5,1,301
4,66191,3,08:19,-, Miloš Zapadlo, Martin Elišák,2012/2013,8,19,499
5,66191,3,10:34,-, Adam Jablonský, Ladislav Tyll,2012/2013,10,34,634
6,66191,3,10:58,-, Jakub Majerčin, Martin Elišák,2012/2013,10,58,658
0,66193,2,03:19,-, Adam Jablonský, Filip Trousil,2012/2013,3,19,199
1,66193,2,07:19,-, Adam Jablonský, Filip Trousil,2012/2013,7,19,439
2,66193,3,06:39,-, Miloš Zapadlo, Jakub Nováček,2012/2013,6,39,399
0,67674,2,01:12,-, Miloš Zapadlo, Filip Trousil,2012/2013,1,12,72
1,67674,3,11:00,PP, Miloš Zapadlo, Zdeněk Karásek,2012/2013,11,0,660
0,69444,1,06:31,-, Roman Žampach, Adam Jablonský,2012/2013,6,31,391
1,69444,2,01:05,-, Miloš Zapadlo, Filip Trousil,2012/2013,1,5,65
2,69444,2,09:49,-, Miloš Zapadlo,,2012/2013,9,49,589
3,69444,3,02:49,-, Roman Žampach,,2012/2013,2,49,169
4,69444,3,07:38,-, Adam Jablonský, Jakub Majerčin,2012/2013,7,38,458
0,69442,1,11:35,-, Adam Jablonský, Roman Žampach,2012/2013,11,35,695
0,69398,1,05:46,SH, Roman Žampach, Adam Jablonský,2012/2013,5,46,346
1,69398,2,11:27,-, Ladislav Tyll, Adam Jablonský,2012/2013,11,27,687
2,69398,3,10:46,-, Adam Jablonský,,2012/2013,10,46,646
0,69401,1,09:28,-, Štěpán Trousil, Martin Elišák,2012/2013,9,28,568
1,69401,2,04:05,-, Jakub Majerčin, Adam Jablonský,2012/2013,4,5,245
2,69401,3,07:34,SH, Miloš Zapadlo, Adam Jablonský,2012/2013,7,34,454
0,72096,1,03:14,-, Jakub Majerčin,,2012/2013,3,14,194
1,72096,1,03:55,-, Miloš Zapadlo, Filip Trousil,2012/2013,3,55,235
2,72096,1,07:59,-, Filip Weber,,2012/2013,7,59,479
0,73820,1,10:56,-, Miloš Zapadlo, Ctibor Chmelař,2012/2013,10,56,656
1,73820,2,08:13,-, Jakub Majerčin, Jakub Mádr,2012/2013,8,13,493
2,73820,2,11:48,OG, Luboš Fischer,,2012/2013,11,48,708
3,73820,3,08:36,-, Miloš Zapadlo, Ctibor Chmelař,2012/2013,8,36,516
0,73818,1,02:17,-, Roman Žampach, Ladislav Tyll,2012/2013,2,17,137
1,73818,2,04:13,-, Miloš Zapadlo, Ctibor Chmelař,2012/2013,4,13,253
2,73818,3,04:50,-, Miloš Zapadlo, Ctibor Chmelař,2012/2013,4,50,290
0,76508,3,02:12,-, Ladislav Tyll, Štěpán Trousil,2012/2013,2,12,132
1,76508,3,09:38,-, Ctibor Chmelař, Štěpán Trousil,2012/2013,9,38,578
0,76505,3,03:57,-, Miloš Zapadlo,,2012/2013,3,57,237
0,77839,3,04:05,-, Miloš Zapadlo, Filip Trousil,2012/2013,4,5,245
1,77839,3,04:38,-, Ctibor Chmelař, Ladislav Tyll,2012/2013,4,38,278
2,77839,3,08:14,-, Ctibor Chmelař, Ladislav Tyll,2012/2013,8,14,494
0,79499,2,04:42,-, Miloš Zapadlo, Jakub Majerčin,2012/2013,4,42,282
1,79499,2,06:58,-, Zdeněk Karásek, Jakub Majerčin,2012/2013,6,58,418
2,79499,2,08:24,-, Ctibor Chmelař,,2012/2013,8,24,504
3,79499,3,04:28,-, Jakub Nováček, Filip Trousil,2012/2013,4,28,268
4,79499,3,06:04,-, Jakub Majerčin, Miloš Zapadlo,2012/2013,6,4,364
5,79499,3,09:32,-, Jakub Nováček, Ladislav Tyll,2012/2013,9,32,572
6,79499,3,10:26,-, Ladislav Tyll, Štěpán Trousil,2012/2013,10,26,626
0,79497,2,03:23,-, Ctibor Chmelař, Miloš Zapadlo,2012/2013,3,23,203
1,79497,3,04:11,-, Ctibor Chmelař,,2012/2013,4,11,251
2,79497,3,08:39,-, Zdeněk Karásek,,2012/2013,8,39,519
0,80013,1,09:54,-, Ctibor Chmelař, Štěpán Trousil,2012/2013,9,54,594
0,83412,1,00:50,-, Ctibor Chmelař, Roman Žampach,2013/2014,0,50,50
1,83412,3,11:28,-, Štěpán Trousil, Ladislav Tyll,2013/2014,11,28,688
0,84452,2,00:27,-, Karel Pernica, Martin Elišák,2013/2014,0,27,27
1,84452,2,05:55,PS, Karel Pernica,,2013/2014,5,55,355
2,84452,3,09:10,-, Karel Pernica, Miloš Zapadlo,2013/2014,9,10,550
0,84460,1,10:50,PP, Ladislav Tyll, Miloš Zapadlo,2013/2014,10,50,650
1,84460,2,07:12,-, Štěpán Trousil, Miloš Zapadlo,2013/2014,7,12,432
2,84460,3,02:32,-, Ctibor Chmelař, Zdeněk Máčel,2013/2014,2,32,152
0,87600,1,11:47,-, Ctibor Chmelař, Jakub Mádr,2013/2014,11,47,707
1,87600,3,02:53,-, Miloš Zapadlo, Štěpán Trousil,2013/2014,2,53,173
0,87604,3,04:34,-, Zdeněk Karásek, Jakub Mádr,2013/2014,4,34,274
1,87604,3,07:58,-, Ladislav Tyll, Roman Žampach,2013/2014,7,58,478
0,88227,1,05:14,-, Jakub Nováček, Ladislav Tyll,2013/2014,5,14,314
1,88227,1,10:18,-, Ladislav Tyll, Jakub Nováček,2013/2014,10,18,618
2,88227,3,06:02,-, Ctibor Chmelař,,2013/2014,6,2,362
0,88234,1,02:12,-, Ctibor Chmelař, Miloš Zapadlo,2013/2014,2,12,132
1,88234,1,08:46,-, Miloš Zapadlo, Filip Trousil,2013/2014,8,46,526
2,88234,2,11:44,-, Martin Elišák, Jakub Nováček,2013/2014,11,44,704
3,88234,3,07:08,-, Štěpán Trousil, Miloš Zapadlo,2013/2014,7,8,428
0,91900,2,01:20,-, Miloš Zapadlo, Ctibor Chmelař,2013/2014,1,20,80
1,91900,2,09:30,-, Ctibor Chmelař, Jakub Nováček,2013/2014,9,30,570
0,91905,1,06:33,-, Ctibor Chmelař, Martin Elišák,2013/2014,6,33,393
1,91905,1,11:03,PS, Miloš Zapadlo,,2013/2014,11,3,663
2,91905,2,03:57,-, Ctibor Chmelař, Filip Trousil,2013/2014,3,57,237
3,91905,3,03:00,-, Ladislav Tyll, Štěpán Trousil,2013/2014,3,0,180
4,91905,3,04:39,-, Zdeněk Karásek, Ladislav Tyll,2013/2014,4,39,279
0,95454,2,03:47,PP, Ctibor Chmelař, Štěpán Trousil,2013/2014,3,47,227
1,95454,2,03:58,-, Ladislav Tyll, Jakub Nováček,2013/2014,3,58,238
0,95459,1,04:04,-, Roman Žampach, Štěpán Trousil,2013/2014,4,4,244
1,95459,2,06:14,-, Štěpán Trousil, Miloš Zapadlo,2013/2014,6,14,374
2,95459,2,07:24,-, Martin Elišák, Jakub Nováček,2013/2014,7,24,444
3,95459,3,11:28,-, Ctibor Chmelař, Michal Rosí,2013/2014,11,28,688
0,95526,2,08:21,-, Štěpán Trousil, Ctibor Chmelař,2013/2014,8,21,501
1,95526,3,08:55,-, Ctibor Chmelař, Filip Weber,2013/2014,8,55,535
0,98495,1,02:02,-, Štěpán Trousil, Filip Trousil,2013/2014,2,2,122
1,98495,1,05:04,-, Karel Pernica, Štěpán Trousil,2013/2014,5,4,304
2,98495,1,10:42,-, Miloš Zapadlo, Adam Bardún,2013/2014,10,42,642
3,98495,2,08:10,-, Štěpán Trousil, Zdeněk Karásek,2013/2014,8,10,490
4,98495,3,06:43,-, Filip Weber, Ctibor Chmelař,2013/2014,6,43,403
0,101360,2,11:56,-, Štěpán Trousil, Miloš Zapadlo,2013/2014,11,56,716
1,101360,3,00:19,-, Michal Rosí,,2013/2014,0,19,19
2,101360,3,02:44,-, Miloš Zapadlo,,2013/2014,2,44,164
0,101363,1,00:20,-, Štěpán Trousil, Ctibor Chmelař,2013/2014,0,20,20
1,101363,1,06:01,-, Miloš Zapadlo, Štěpán Trousil,2013/2014,6,1,361
2,101363,1,07:47,-, Michal Rosí, Karel Pernica,2013/2014,7,47,467
3,101363,3,08:41,SH, Jakub Majerčin, Miloš Zapadlo,2013/2014,8,41,521
4,101363,3,10:31,PP, Štěpán Trousil, Karel Pernica,2013/2014,10,31,631
0,102043,2,11:31,PP, Roman Žampach, Miloš Zapadlo,2013/2014,11,31,691
1,102043,3,11:15,-, Miloš Zapadlo, Filip Weber,2013/2014,11,15,675
0,102037,2,03:13,-, Ctibor Chmelař, Štěpán Trousil,2013/2014,3,13,193
1,102037,2,04:15,-, Michal Rosí, Ladislav Tyll,2013/2014,4,15,255
2,102037,3,06:14,-, Ctibor Chmelař, Filip Weber,2013/2014,6,14,374
3,102037,3,06:40,-, Roman Žampach, Karel Pernica,2013/2014,6,40,400
4,102037,3,10:08,-, Karel Pernica, Filip Weber,2013/2014,10,8,608
0,106305,1,02:28,-, Michal Rosí, Ladislav Tyll,2014/2015,2,28,148
1,106305,1,06:44,PP, Miloš Zapadlo, Martin Elišák,2014/2015,6,44,404
2,106305,1,06:56,-, Michal Rosí, Roman Žampach,2014/2015,6,56,416
3,106305,1,07:35,-, Jakub Mádr, Michal Rosí,2014/2015,7,35,455
4,106305,2,05:33,-, Štěpán Trousil, Filip Trousil,2014/2015,5,33,333
0,106307,1,07:16,-, Ladislav Tyll, Filip Trousil,2014/2015,7,16,436
1,106307,2,08:43,-, Miloš Zapadlo, Ctibor Chmelař,2014/2015,8,43,523
2,106307,3,00:24,PP, Jakub Hruška, Filip Weber,2014/2015,0,24,24
3,106307,3,09:55,PP, Miloš Zapadlo, Filip Trousil,2014/2015,9,55,595
0,107938,2,00:41,-, Miloš Zapadlo, Zdeněk Karásek,2014/2015,0,41,41
1,107938,2,05:47,-, Filip Weber, Jakub Nováček,2014/2015,5,47,347
2,107938,3,04:31,-, Jakub Nováček,,2014/2015,4,31,271
0,109353,1,09:49,-, Michal Rosí,,2014/2015,9,49,589
1,109353,2,03:28,PS, Michal Rosí,,2014/2015,3,28,208
2,109353,3,02:44,PP, Miloš Zapadlo, Ctibor Chmelař,2014/2015,2,44,164
3,109353,3,04:08,-, Michal Rosí, Filip Weber,2014/2015,4,8,248
4,109353,3,07:42,-, Ctibor Chmelař,,2014/2015,7,42,462
0,111025,2,05:45,-, Štěpán Trousil, Miloš Zapadlo,2014/2015,5,45,345
1,111025,3,07:59,-, Štěpán Trousil, Ctibor Chmelař,2014/2015,7,59,479
0,111027,1,11:07,-, Ctibor Chmelař, Štěpán Trousil,2014/2015,11,7,667
1,111027,2,02:54,PS, Michal Rosí,,2014/2015,2,54,174
2,111027,2,06:59,-, Jakub Hruška, Michal Rosí,2014/2015,6,59,419
3,111027,2,08:06,-, Miloš Zapadlo,,2014/2015,8,6,486
4,111027,3,04:42,-, Ctibor Chmelař, Miloš Zapadlo,2014/2015,4,42,282
0,113887,3,06:59,-, Miloš Zapadlo, Štěpán Trousil,2014/2015,6,59,419
0,113892,1,04:52,-, Michal Rosí, Jakub Hruška,2014/2015,4,52,292
1,113892,3,05:12,-, Štěpán Trousil,,2014/2015,5,12,312
0,115955,1,07:27,-, Michal Rosí,,2014/2015,7,27,447
1,115955,2,04:47,-, Ladislav Tyll,,2014/2015,4,47,287
2,115955,2,04:58,-, Štěpán Trousil, Miloš Zapadlo,2014/2015,4,58,298
3,115955,3,03:25,-, Ladislav Tyll, Michal Rosí,2014/2015,3,25,205
4,115955,3,11:58,-, Miloš Zapadlo, Filip Weber,2014/2015,11,58,718
0,116088,3,06:39,-, Michal Rosí, Ladislav Tyll,2014/2015,6,39,399
1,116088,3,08:28,-, Michal Rosí, Jakub Mádr,2014/2015,8,28,508
0,120429,2,00:50,-, Zdeněk Máčel, Martin Elišák,2014/2015,0,50,50
1,120429,2,07:18,-, Michal Rosí, Štěpán Trousil,2014/2015,7,18,438
0,120431,3,09:11,PP, Michal Rosí, Ladislav Tyll,2014/2015,9,11,551
0,125857,2,08:34,PP, Roman Žampach, Miloš Zapadlo,2014/2015,8,34,514
1,125857,3,09:00,PS, Ctibor Chmelař,,2014/2015,9,0,540
0,125859,1,04:40,-, Ladislav Tyll, Filip Trousil,2014/2015,4,40,280
1,125859,2,10:18,-, Štěpán Trousil, Miloš Zapadlo,2014/2015,10,18,618
2,125859,3,09:53,-, Jakub Nováček, Ladislav Tyll,2014/2015,9,53,593
0,127351,1,04:08,-, Michal Rosí, Ladislav Tyll,2014/2015,4,8,248
1,127351,3,04:43,-, Michal Rosí, Štěpán Trousil,2014/2015,4,43,283
0,127354,3,00:14,-, Ladislav Tyll,,2014/2015,0,14,14
0,130050,1,03:07,-, Michal Rosí, Filip Trousil,2015/2016,3,7,187
1,130050,3,11:02,-, Michal Rosí, Roman Žampach,2015/2016,11,2,662
0,130052,2,02:05,-, Marek Václavík, Michal Rosí,2015/2016,2,5,125
1,130052,2,08:02,-, Miloš Zapadlo, Štěpán Trousil,2015/2016,8,2,482
2,130052,3,06:15,-, Jakub Edr, Adam Bardún,2015/2016,6,15,375
3,130052,3,08:24,-, Štěpán Trousil, Miloš Zapadlo,2015/2016,8,24,504
0,132892,3,01:24,-, Michal Rosí, Miloš Zapadlo,2015/2016,1,24,84
0,132901,1,11:06,-, Filip Weber, Michal Rosí,2015/2016,11,6,666
1,132901,3,03:26,-, Filip Weber, Miloš Zapadlo,2015/2016,3,26,206
2,132901,3,06:38,-, Štěpán Trousil, Roman Žampach,2015/2016,6,38,398
0,134348,1,07:18,-, Jakub Edr, Michal Rosí,2015/2016,7,18,438
1,134348,2,01:13,-, Michal Rosí, Jakub Mádr,2015/2016,1,13,73
2,134348,2,03:18,-, Michal Rosí, Jakub Edr,2015/2016,3,18,198
3,134348,2,08:49,-, Michal Rosí, Filip Weber,2015/2016,8,49,529
0,134351,1,02:59,-, Michal Rosí, Jakub Edr,2015/2016,2,59,179
1,134351,1,04:46,-, Miloš Zapadlo, Roman Žampach,2015/2016,4,46,286
2,134351,2,00:18,OG, Viktor Filip,,2015/2016,0,18,18
0,137002,3,05:49,-, Miloš Zapadlo, Štěpán Trousil,2015/2016,5,49,349
1,137002,3,09:06,-, Jakub Edr, Marek Václavík,2015/2016,9,6,546
0,144401,2,04:57,PP, Miloš Zapadlo, Martin Elišák,2015/2016,4,57,297
0,144406,2,10:36,-, Ctibor Chmelař, Jakub Nováček,2015/2016,10,36,636
1,144406,2,11:35,-, Roman Žampach, Štěpán Trousil,2015/2016,11,35,695
0,145420,1,03:28,-, Jakub Edr, Roman Žampach,2015/2016,3,28,208
1,145420,2,00:37,-, Štěpán Trousil,,2015/2016,0,37,37
0,150361,2,06:58,PP, Marek Václavík, Michal Rosí,2015/2016,6,58,418
1,150361,3,03:47,-, Marek Václavík, Jakub Nováček,2015/2016,3,47,227
0,150367,2,00:42,-, Filip Weber, Miloš Zapadlo,2015/2016,0,42,42
0,151930,3,02:54,-, Ctibor Chmelař, Miloš Zapadlo,2015/2016,2,54,174
1,151930,3,05:37,-, Radek Mošnička, Martin Elišák,2015/2016,5,37,337
0,151965,1,02:45,-, Michal Rosí, Miloš Zapadlo,2015/2016,2,45,165
1,151965,1,03:53,-, Marek Václavík, Martin Elišák,2015/2016,3,53,233
2,151965,1,09:18,SH, Michal Rosí, Miloš Zapadlo,2015/2016,9,18,558
3,151965,2,05:37,-, Miloš Zapadlo, Štěpán Trousil,2015/2016,5,37,337
4,151965,2,11:09,-, Miloš Zapadlo, Michal Rosí,2015/2016,11,9,669
5,151965,3,05:30,-, Ctibor Chmelař, Roman Žampach,2015/2016,5,30,330
0,154870,1,04:16,-, Michal Rosí, Filip Trousil,2015/2016,4,16,256
1,154870,2,04:43,-, Michal Rosí, Miloš Zapadlo,2015/2016,4,43,283
2,154870,2,06:17,-, Miloš Zapadlo, Ctibor Chmelař,2015/2016,6,17,377
0,154873,1,03:16,-, Miloš Zapadlo, Roman Žampach,2015/2016,3,16,196
1,154873,2,00:32,-, Miloš Zapadlo, Ctibor Chmelař,2015/2016,0,32,32
2,154873,2,11:04,PP, Miloš Zapadlo, Michal Rosí,2015/2016,11,4,664
3,154873,3,07:47,-, Miloš Zapadlo, Roman Žampach,2015/2016,7,47,467
4,154873,3,10:38,-, Ctibor Chmelař, Miloš Zapadlo,2015/2016,10,38,638
0,158141,1,03:48,-, Zdeněk Karásek, Marek Václavík,2016/2017,3,48,228
1,158141,1,04:38,-, Ctibor Chmelař, Roman Žampach,2016/2017,4,38,278
2,158141,3,03:58,-, Ctibor Chmelař, Štěpán Trousil,2016/2017,3,58,238
0,158158,1,00:26,-, Ctibor Chmelař,,2016/2017,0,26,26
1,158158,1,04:14,-, Jakub Nováček, Marek Václavík,2016/2017,4,14,254
2,158158,2,05:51,-, Roman Žampach,,2016/2017,5,51,351
0,160699,2,05:11,-, Michal Rosí, Roman Žampach,2016/2017,5,11,311
1,160699,3,11:40,PP, Štěpán Trousil, Michal Rosí,2016/2017,11,40,700
0,160702,1,11:30,-, Martin Elišák, Filip Weber,2016/2017,11,30,690
1,160702,2,06:35,-, Martin Elišák, Michal Rosí,2016/2017,6,35,395
2,160702,2,11:59,-, Marek Václavík, Štěpán Trousil,2016/2017,11,59,719
0,165178,1,09:47,-, Miloš Zapadlo, Roman Žampach,2016/2017,9,47,587
1,165178,2,04:56,-, Ctibor Chmelař, Jakub Edr,2016/2017,4,56,296
2,165178,3,04:00,-, Ctibor Chmelař, Adam Bardún,2016/2017,4,0,240
0,165181,2,11:08,-, Michal Rosí, Martin Elišák,2016/2017,11,8,668
0,167705,1,03:50,-, Marek Václavík, Michal Rosí,2016/2017,3,50,230
1,167705,1,06:50,-, Marek Václavík, Ctibor Chmelař,2016/2017,6,50,410
2,167705,3,11:32,-, Miloš Zapadlo, Michal Rosí,2016/2017,11,32,692
0,167707,1,03:07,PP, Michal Rosí, Martin Elišák,2016/2017,3,7,187
1,167707,3,04:01,-, Michal Rosí, Filip Weber,2016/2017,4,1,241
2,167707,3,11:53,-, Filip Weber, Ctibor Chmelař,2016/2017,11,53,713
0,170887,2,01:40,-, Miloš Zapadlo, Filip Trousil,2016/2017,1,40,100
1,170887,3,04:55,-, Štěpán Trousil, Roman Žampach,2016/2017,4,55,295
2,170887,3,07:54,-, Štěpán Trousil, Miloš Zapadlo,2016/2017,7,54,474
0,170890,1,03:27,-, Ctibor Chmelař, Martin Elišák,2016/2017,3,27,207
1,170890,1,10:46,PP, Zdeněk Karásek, Filip Weber,2016/2017,10,46,646
2,170890,2,08:31,-, Michal Rosí, Zdeněk Karásek,2016/2017,8,31,511
3,170890,3,06:09,-, Zdeněk Karásek, Radek Mošnička,2016/2017,6,9,369
4,170890,3,11:55,PP, Miloš Zapadlo, Zdeněk Karásek,2016/2017,11,55,715
0,173014,2,08:43,-, Jakub Nováček, Filip Trousil,2016/2017,8,43,523
1,173014,2,09:03,-, Miloš Zapadlo, Roman Žampach,2016/2017,9,3,543
0,173022,1,02:59,PS, Miloš Zapadlo,,2016/2017,2,59,179
1,173022,2,04:51,-, Miloš Zapadlo, Ctibor Chmelař,2016/2017,4,51,291
2,173022,2,06:01,-, Miloš Zapadlo, Zdeněk Karásek,2016/2017,6,1,361
3,173022,2,07:04,-, Jakub Nováček, Michal Rosí,2016/2017,7,4,424
4,173022,2,10:33,-, Michal Rosí, Filip Trousil,2016/2017,10,33,633
5,173022,3,05:10,-, Miloš Zapadlo, Zdeněk Karásek,2016/2017,5,10,310
6,173022,3,11:57,EN, Michal Rosí, Jakub Nováček,2016/2017,11,57,717
0,177660,1,07:59,-, Michal Rosí, Filip Trousil,2016/2017,7,59,479
1,177660,3,09:40,-, Radek Mošnička, Miloš Zapadlo,2016/2017,9,40,580
0,177076,1,02:00,-, Jakub Edr, Miloš Zapadlo,2016/2017,2,0,120
1,177076,3,03:39,-, Radek Mošnička, Marek Václavík,2016/2017,3,39,219
0,178896,1,05:16,-, Marek Václavík, Ctibor Chmelař,2016/2017,5,16,316
0,181137,1,09:29,-, Ctibor Chmelař, Miloš Zapadlo,2016/2017,9,29,569
1,181137,2,02:04,SH, Michal Rosí, Miloš Zapadlo,2016/2017,2,4,124
2,181137,2,06:54,-, Marek Václavík, Jakub Nováček,2016/2017,6,54,414
3,181137,2,07:51,-, Miloš Zapadlo, Ctibor Chmelař,2016/2017,7,51,471
4,181137,3,01:08,SH, Radek Mošnička, Miloš Zapadlo,2016/2017,1,8,68
5,181137,3,02:45,-, Jakub Nováček, Michal Rosí,2016/2017,2,45,165
0,181141,2,03:13,-, Roman Žampach, Jakub Nováček,2016/2017,3,13,193
0,184420,1,08:28,-, Jakub Nováček, Miloš Zapadlo,2016/2017,8,28,508
1,184420,1,10:46,-, Jakub Nováček, Roman Žampach,2016/2017,10,46,646
2,184420,2,07:13,-, Michal Rosí, Filip Weber,2016/2017,7,13,433
3,184420,2,09:13,-, Ctibor Chmelař, Roman Žampach,2016/2017,9,13,553
4,184420,3,09:27,-, Michal Rosí, Ctibor Chmelař,2016/2017,9,27,567
0,184422,1,08:13,-, Ctibor Chmelař, Jakub Mádr,2016/2017,8,13,493
1,184422,3,04:48,-, Jakub Nováček, Miloš Zapadlo,2016/2017,4,48,288
2,184422,3,05:05,-, Michal Rosí, Jakub Mádr,2016/2017,5,5,305
3,184422,3,10:22,-, Miloš Zapadlo, Roman Žampach,2016/2017,10,22,622
0,188166,1,06:48,-, Michal Rosí, Filip Trousil,2017/2018,6,48,408
1,188166,2,06:40,-, Ctibor Chmelař, Filip Weber,2017/2018,6,40,400
2,188166,2,07:47,-, Martin Elišák, Miloš Zapadlo,2017/2018,7,47,467
3,188166,2,08:03,-, Pavel Trbušek,,2017/2018,8,3,483
4,188166,3,01:00,-, Michal Rosí, Jakub Mádr,2017/2018,1,0,60
5,188166,3,04:23,-, Marek Václavík, Jakub Mádr,2017/2018,4,23,263
6,188166,3,05:21,-, Ctibor Chmelař, Roman Žampach,2017/2018,5,21,321
0,188172,2,05:17,-, Radek Mošnička, Marek Václavík,2017/2018,5,17,317
1,188172,3,10:06,-, Michal Rosí, Martin Elišák,2017/2018,10,6,606
0,189796,1,06:48,-, Ctibor Chmelař, Roman Žampach,2017/2018,6,48,408
1,189796,2,11:03,-, Pavel Trbušek, Roman Žampach,2017/2018,11,3,663
2,189796,3,04:20,-, Ctibor Chmelař, Filip Trousil,2017/2018,4,20,260
0,189799,1,11:48,-, Martin Elišák, Roman Žampach,2017/2018,11,48,708
1,189799,2,03:11,-, Martin Elišák, Marek Václavík,2017/2018,3,11,191
0,190317,3,04:36,-, Michal Rosí,,2017/2018,4,36,276
0,190321,1,02:51,-, Ctibor Chmelař,,2017/2018,2,51,171
1,190321,1,09:38,-, Jakub Edr, Jakub Nováček,2017/2018,9,38,578
2,190321,2,09:00,-, Marek Václavík, Pavel Trbušek,2017/2018,9,0,540
3,190321,2,11:49,-, Ctibor Chmelař,,2017/2018,11,49,709
0,196450,2,04:21,-, Štěpán Trousil, Jakub Mádr,2017/2018,4,21,261
1,196450,3,01:08,-, Štěpán Trousil, Filip Trousil,2017/2018,1,8,68
0,196944,1,08:41,-, Štěpán Trousil,,2017/2018,8,41,521
1,196944,3,00:07,-, Štěpán Trousil, Roman Žampach,2017/2018,0,7,7
2,196944,3,11:47,-, Ctibor Chmelař, Roman Žampach,2017/2018,11,47,707
0,198727,3,06:54,-, Ctibor Chmelař, Štěpán Trousil,2017/2018,6,54,414
0,198731,1,01:03,-, Ctibor Chmelař,,2017/2018,1,3,63
1,198731,1,07:10,-, Ctibor Chmelař, Adam Bardún,2017/2018,7,10,430
2,198731,2,00:35,-, Adam Bardún,,2017/2018,0,35,35
3,198731,2,01:57,-, Ctibor Chmelař, Filip Trousil,2017/2018,1,57,117
0,202161,2,02:12,-, Ctibor Chmelař,,2017/2018,2,12,132
1,202161,2,05:52,-, Ctibor Chmelař,,2017/2018,5,52,352
2,202161,2,08:51,-, Ctibor Chmelař, Jakub Nováček,2017/2018,8,51,531
3,202161,3,01:16,-, Ctibor Chmelař, Filip Trousil,2017/2018,1,16,76
4,202161,3,02:57,-, Radek Mošnička, Michal Rosí,2017/2018,2,57,177
5,202161,3,05:32,-, Marek Václavík,,2017/2018,5,32,332
6,202161,3,09:25,-, Jakub Nováček, Radek Mošnička,2017/2018,9,25,565
0,207535,2,06:07,-, Jakub Nováček, Michal Rosí,2017/2018,6,7,367
0,207533,1,11:25,-, Roman Žampach,,2017/2018,11,25,685
1,207533,3,03:11,-, Martin Elišák, Ctibor Chmelař,2017/2018,3,11,191
0,213224,2,04:01,-, Michal Rosí, Filip Weber,2017/2018,4,1,241
1,213224,2,07:22,-, Marek Václavík,,2017/2018,7,22,442
0,215894,2,00:46,-, Ctibor Chmelař,,2017/2018,0,46,46
1,215894,3,07:36,-, Ctibor Chmelař, Adam Bardún,2017/2018,7,36,456
0,215892,1,02:58,-, Ctibor Chmelař, Pavel Trbušek,2017/2018,2,58,178
1,215892,3,04:03,PP, Michal Rosí, Marek Václavík,2017/2018,4,3,243
0,217372,2,07:01,-, Ctibor Chmelař, Filip Trousil,2017/2018,7,1,421
1,217372,3,10:02,-, Ctibor Chmelař,,2017/2018,10,2,602
0,222022,1,03:07,-, Michal Rosí, Jakub Nováček,2018/2019,3,7,187
1,222022,1,08:43,-, Ctibor Chmelař,,2018/2019,8,43,523
2,222022,2,09:19,-, Jakub Nováček, Jakub Mádr,2018/2019,9,19,559
3,222022,3,11:11,-, Jakub Nováček, Michal Rosí,2018/2019,11,11,671
0,222084,1,05:59,-, Michal Rosí, Jakub Mádr,2018/2019,5,59,359
1,222084,2,03:24,-, Marek Václavík, Ctibor Chmelař,2018/2019,3,24,204
2,222084,2,07:35,SH, Roman Žampach,,2018/2019,7,35,455
3,222084,2,09:41,-, Roman Žampach, Jakub Nováček,2018/2019,9,41,581
4,222084,3,00:26,-, Roman Žampach,,2018/2019,0,26,26
0,225350,2,10:41,-, Ctibor Chmelař, Jakub Edr,2018/2019,10,41,641
1,225350,3,00:57,-, Michal Rosí, Pavel Trbušek,2018/2019,0,57,57
2,225350,3,06:38,SH, Pavel Trbušek, Michal Rosí,2018/2019,6,38,398
3,225350,3,11:52,-, Michal Rosí, Ctibor Chmelař,2018/2019,11,52,712
0,225349,1,10:07,-, Pavel Trbušek,,2018/2019,10,7,607
1,225349,2,05:37,-, Michal Rosí, Ctibor Chmelař,2018/2019,5,37,337
2,225349,3,00:31,-, Ctibor Chmelař,,2018/2019,0,31,31
3,225349,3,01:13,-, Michal Rosí, Filip Trousil,2018/2019,1,13,73
4,225349,3,11:08,-, Marek Václavík, Michal Rosí,2018/2019,11,8,668
0,229025,1,10:36,-, Michal Rosí, Radek Mošnička,2018/2019,10,36,636
1,229025,2,00:58,-, Ctibor Chmelař, Miloš Zapadlo,2018/2019,0,58,58
2,229025,2,08:00,PP, Ctibor Chmelař,,2018/2019,8,0,480
0,229022,1,05:14,-, Ctibor Chmelař, Miloš Zapadlo,2018/2019,5,14,314
1,229022,3,03:11,-, Michal Rosí, Ctibor Chmelař,2018/2019,3,11,191
2,229022,3,10:57,-, Michal Rosí, Miloš Zapadlo,2018/2019,10,57,657
3,229022,3,11:50,-, Marek Václavík, Michal Rosí,2018/2019,11,50,710
0,229429,1,09:25,-, Radek Mošnička, Michal Rosí,2018/2019,9,25,565
1,229429,3,02:47,-, Michal Rosí, Jakub Mádr,2018/2019,2,47,167
2,229429,3,11:57,EN, Pavel Trbušek,,2018/2019,11,57,717
0,232669,1,00:16,PP, Ctibor Chmelař, Jakub Mádr,2018/2019,0,16,16
0,235066,1,01:48,-, Marek Václavík, Ctibor Chmelař,2018/2019,1,48,108
1,235066,3,02:10,-, Jakub Nováček, Jakub Mádr,2018/2019,2,10,130
2,235066,3,03:05,-, Adam Bardún, Ctibor Chmelař,2018/2019,3,5,185
0,235062,1,11:20,-, Radek Mošnička, Adam Bardún,2018/2019,11,20,680
1,235062,2,11:10,PP, Filip Weber, Roman Žampach,2018/2019,11,10,670
2,235062,3,00:28,-, Pavel Trbušek, Roman Žampach,2018/2019,0,28,28
3,235062,3,04:08,PS, Michal Rosí,,2018/2019,4,8,248
0,237796,1,02:54,-, Ctibor Chmelař, Jakub Mádr,2018/2019,2,54,174
1,237796,1,03:34,-, Jan Hanuš, Filip Trousil,2018/2019,3,34,214
2,237796,1,11:06,-, Jan Hanuš, Jakub Nováček,2018/2019,11,6,666
3,237796,2,00:55,-, Jan Hanuš, Ctibor Chmelař,2018/2019,0,55,55
4,237796,2,05:38,PS, Jan Hanuš,,2018/2019,5,38,338
5,237796,2,08:19,-, Jakub Nováček, Michal Rosí,2018/2019,8,19,499
6,237796,2,11:07,-, Ctibor Chmelař, Jan Hanuš,2018/2019,11,7,667
7,237796,3,01:05,-, Ctibor Chmelař, Michal Rosí,2018/2019,1,5,65
0,237794,1,05:38,PP, Jan Hanuš, Filip Weber,2018/2019,5,38,338
1,237794,2,01:28,-, Ctibor Chmelař, Jan Hanuš,2018/2019,1,28,88
2,237794,3,05:36,-, Michal Rosí, Jan Hanuš,2018/2019,5,36,336
3,237794,3,08:44,-, Jan Hanuš, Filip Weber,2018/2019,8,44,524
0,241681,1,04:28,-, Michal Rosí, Jan Hanuš,2018/2019,4,28,268
1,241681,1,04:47,-, Ctibor Chmelař, Marek Václavík,2018/2019,4,47,287
2,241681,2,07:43,PP, Štefan Záležák, Jakub Mádr,2018/2019,7,43,463
3,241681,3,05:54,-, Jan Hanuš,,2018/2019,5,54,354
4,241681,3,08:09,SH, Ctibor Chmelař, Filip Trousil,2018/2019,8,9,489
0,241679,1,04:14,-, Štefan Záležák, Jan Hanuš,2018/2019,4,14,254
1,241679,3,08:04,-, Marek Václavík, Jan Hanuš,2018/2019,8,4,484
2,241679,3,10:46,-, Pavel Trbušek, Jakub Mádr,2018/2019,10,46,646
0,244656,2,02:53,PP, Roman Žampach, Pavel Trbušek,2018/2019,2,53,173
1,244656,2,08:52,-, Michal Rosí, Ctibor Chmelař,2018/2019,8,52,532
2,244656,3,11:58,-, Jan Hanuš, Jakub Mádr,2018/2019,11,58,718
0,244654,1,02:48,-, Michal Rosí, Jakub Mádr,2018/2019,2,48,168
1,244654,1,08:55,-, Jan Hanuš,,2018/2019,8,55,535
2,244654,1,09:20,-, Jan Hanuš, Pavel Trbušek,2018/2019,9,20,560
3,244654,2,02:32,-, Ctibor Chmelař, Radek Mošnička,2018/2019,2,32,152
4,244654,2,04:33,-, Jan Hanuš, Marek Václavík,2018/2019,4,33,273
5,244654,2,06:40,-, Jan Hanuš, Filip Weber,2018/2019,6,40,400
6,244654,3,06:16,-, Jan Hanuš, Ctibor Chmelař,2018/2019,6,16,376
0,247475,1,04:47,-, Jan Hanuš, Michal Rosí,2018/2019,4,47,287
1,247475,1,06:57,-, Jan Hanuš, Ctibor Chmelař,2018/2019,6,57,417
2,247475,1,09:32,-, Jan Hanuš, Filip Weber,2018/2019,9,32,572
3,247475,2,11:24,-, Marek Václavík, Michal Rosí,2018/2019,11,24,684
0,247472,1,02:25,-, Jan Hanuš, Štefan Záležák,2018/2019,2,25,145
1,247472,1,07:25,SH, Štefan Záležák, Miloš Zapadlo,2018/2019,7,25,445
2,247472,1,09:49,-, Pavel Trbušek, Ctibor Chmelař,2018/2019,9,49,589
3,247472,1,10:39,-, Štefan Záležák, Michal Rosí,2018/2019,10,39,639
4,247472,3,05:18,-, Filip Weber,,2018/2019,5,18,318
5,247472,3,07:25,PP, Jan Hanuš, Štefan Záležák,2018/2019,7,25,445
0,233120,2,04:43,-, Štefan Záležák, Radek Mošnička,2018/2019,4,43,283
1,233120,2,07:23,-, Marek Václavík, Radek Mošnička,2018/2019,7,23,443
2,233120,3,03:30,-, Štefan Záležák, Ctibor Chmelař,2018/2019,3,30,210
3,233120,3,03:54,-, Ctibor Chmelař,,2018/2019,3,54,234
0,250976,1,05:54,-, Michal Rosí, Ctibor Chmelař,2018/2019,5,54,354
1,250976,2,01:56,-, Pavel Trbušek, Štefan Záležák,2018/2019,1,56,116
2,250976,3,04:07,-, Ctibor Chmelař, Roman Žampach,2018/2019,4,7,247
0,255307,1,08:04,-, Michal Rosí, Ctibor Chmelař,2019/2020,8,4,484
1,255307,2,08:33,-, Roman Žampach, Jakub Mádr,2019/2020,8,33,513
2,255307,3,00:21,-, Štěpán Trousil, Ladislav Tyll,2019/2020,0,21,21
3,255307,3,02:33,-, Ctibor Chmelař, Jakub Nováček,2019/2020,2,33,153
4,255307,3,06:27,-, Filip Weber,,2019/2020,6,27,387
5,255307,3,06:59,-, Štěpán Trousil,,2019/2020,6,59,419
6,255307,3,07:13,-, Ctibor Chmelař, Jakub Nováček,2019/2020,7,13,433
7,255307,3,07:42,-, Roman Žampach,,2019/2020,7,42,462
0,257489,1,03:32,-, Ctibor Chmelař, Adam Bardún,2019/2020,3,32,212
1,257489,1,09:26,-, Michal Rosí, Štěpán Trousil,2019/2020,9,26,566
2,257489,2,11:50,-, Štěpán Trousil, Michal Rosí,2019/2020,11,50,710
0,257484,1,05:09,-, Michal Rosí, Štěpán Trousil,2019/2020,5,9,309
1,257484,1,07:43,-, Štěpán Trousil, Jakub Mádr,2019/2020,7,43,463
2,257484,1,10:26,-, Štěpán Trousil, Ctibor Chmelař,2019/2020,10,26,626
3,257484,1,11:04,-, Štěpán Trousil, Filip Trousil,2019/2020,11,4,664
0,260191,1,10:31,-, Pavel Trbušek, Filip Weber,2019/2020,10,31,631
1,260191,3,10:59,-, Pavel Trbušek, Jakub Nováček,2019/2020,10,59,659
0,260187,1,08:08,-, Roman Žampach, Ctibor Chmelař,2019/2020,8,8,488
1,260187,2,11:37,-, Štěpán Trousil,,2019/2020,11,37,697
0,263242,1,08:28,-, Michal Rosí, Filip Trousil,2019/2020,8,28,508
1,263242,3,03:20,PP, Michal Rosí, Adam Bardún,2019/2020,3,20,200
2,263242,3,04:17,-, Ctibor Chmelař, Marek Václavík,2019/2020,4,17,257
0,263237,3,10:34,PS, Michal Rosí,,2019/2020,10,34,634
0,266162,1,09:42,-, Radek Mošnička, Jakub Edr,2019/2020,9,42,582
1,266162,3,08:18,-, Michael Obrtel,,2019/2020,8,18,498
2,266162,3,10:09,PS, Michal Rosí,,2019/2020,10,9,609
0,266158,1,01:16,-, Ctibor Chmelař, Marek Václavík,2019/2020,1,16,76
1,266158,1,07:41,-, Radek Mošnička, Jakub Edr,2019/2020,7,41,461
2,266158,1,08:36,-, Štěpán Trousil, Ctibor Chmelař,2019/2020,8,36,516
3,266158,2,04:48,-, Ladislav Tyll, Roman Žampach,2019/2020,4,48,288
4,266158,2,06:11,-, Michal Rosí, Ctibor Chmelař,2019/2020,6,11,371
5,266158,2,09:06,-, Michal Rosí, Jakub Mádr,2019/2020,9,6,546
0,271020,1,05:41,-, Pavel Trbušek, Michael Obrtel,2019/2020,5,41,341
1,271020,1,09:29,-, Ctibor Chmelař, Michael Obrtel,2019/2020,9,29,569
2,271020,3,04:57,-, Štěpán Trousil, Jakub Mádr,2019/2020,4,57,297
0,278201,1,06:01,-, Pavel Trbušek, Jakub Nováček,2019/2020,6,1,361
1,278201,2,01:09,-, Ctibor Chmelař, Adam Bardún,2019/2020,1,9,69
0,278200,1,07:15,-, Ctibor Chmelař, Roman Žampach,2019/2020,7,15,435
0,284054,1,05:40,-, Michal Rosí, Filip Weber,2020/2021,5,40,340
1,284054,1,07:40,-, Václav Štochl, Filip Weber,2020/2021,7,40,460
2,284054,1,08:50,SH, Václav Štochl,,2020/2021,8,50,530
3,284054,3,10:48,-, Michal Rosí, Michael Obrtel,2020/2021,10,48,648
0,284058,1,10:40,-, Michael Obrtel, Michal Rosí,2020/2021,10,40,640
1,284058,2,03:33,-, Matěj Soukup, Michael Obrtel,2020/2021,3,33,213
2,284058,2,07:23,-, Václav Štochl,,2020/2021,7,23,443
0,287591,2,11:23,-, Marek Václavík,,2020/2021,11,23,683
1,287591,3,04:58,-, Michael Obrtel,,2020/2021,4,58,298
2,287591,3,06:53,-, Michal Rosí, Marek Václavík,2020/2021,6,53,413
0,287905,2,04:50,-, Matěj Soukup, Marek Václavík,2020/2021,4,50,290
1,287905,2,08:00,-, Marek Václavík,,2020/2021,8,0,480
2,287905,3,03:52,-, Michal Rosí, Marek Václavík,2020/2021,3,52,232
3,287905,prodloužení,00:00,PS, Milan Vřešťál,,2020/2021,0,0,0
0,291144,1,00:47,-, Ctibor Chmelař, Michael Obrtel,2021/2022,0,47,47
1,291144,1,09:49,PP, Václav Štochl, Matěj Soukup,2021/2022,9,49,589
2,291144,1,11:40,-, Ladislav Tyll, Michal Rosí,2021/2022,11,40,700
0,293466,1,03:48,-, Václav Štochl, Aleš Bambas,2021/2022,3,48,228
1,293466,1,05:16,-, Marek Kolařík, Jakub Mádr,2021/2022,5,16,316
2,293466,1,09:09,-, Matěj Soukup, Michael Obrtel,2021/2022,9,9,549
3,293466,2,04:42,-, Matěj Soukup, Jakub Mádr,2021/2022,4,42,282
4,293466,2,07:13,-, Michael Obrtel, Ctibor Chmelař,2021/2022,7,13,433
5,293466,2,07:42,-, Michael Obrtel, Ctibor Chmelař,2021/2022,7,42,462
6,293466,2,10:57,-, Aleš Bambas, Vojtěch Bíba,2021/2022,10,57,657
7,293466,3,00:52,-, Filip Weber, Ctibor Chmelař,2021/2022,0,52,52
8,293466,3,04:50,-, Filip Weber, Ladislav Tyll,2021/2022,4,50,290
9,293466,3,07:03,-, Pavel Malý, Ladislav Tyll,2021/2022,7,3,423
0,297187,2,01:34,-, Ladislav Tyll, Michal Rosí,2021/2022,1,34,94
0,297199,2,04:58,-, Aleš Bambas,,2021/2022,4,58,298
0,300872,1,05:44,-, Pavel Malý, Michal Rosí,2021/2022,5,44,344
1,300872,1,07:02,-, Milan Vřešťál, Jakub Mádr,2021/2022,7,2,422
2,300872,1,10:32,-, Michal Rosí, Pavel Malý,2021/2022,10,32,632
3,300872,2,03:39,-, Václav Štochl, Matěj Soukup,2021/2022,3,39,219
0,300871,2,00:30,-, Václav Štochl, Michal Rosí,2021/2022,0,30,30
